step,episode,timestamp,map_index,robot_x,robot_y,target_x,target_y,total_distance,step_distance,covered_area,exploration_rate,robot_count,max_travel_distance,current_velocity,avg_velocity,current_acceleration,avg_acceleration,current_jerk,avg_jerk,covered_cells_count,total_free_cells,CR,redundant_cells,total_visited_cells,SR,collision_count,computation_time_step,total_computation_time,task_time,success_rate,reward
1,11,1753093118.561926,11,1073,288,308,299,5.385164807134504,5.385164807134504,424,0.038206751815316346,1,5.385164807134504,32.125906785909216,32.125906785909216,0.0,0.0,0.0,0.0,424,499362,0.0008490834304572635,210,424,0.49528301886792453,0,0.0002040268181272867,0.0002040268181272867,0.17479562759399414,0.0,0
2,11,1753093118.7054508,11,1073,288,308,299,5.385164807134504,0.0,424,0.038206751815316346,1,5.385164807134504,0.0,16.062953392954608,0.0,0.0,0.0,0.0,424,499362,0.0008490834304572635,527,424,1.2429245283018868,0,0.0002040268181272867,0.0004080536362545734,0.31832051277160645,0.0,0
3,11,1753093118.8488014,11,1073,288,308,299,5.385164807134504,0.0,424,0.038206751815316346,1,5.385164807134504,0.0,10.708635595303072,0.0,0.0,0.0,0.0,424,499362,0.0008490834304572635,844,424,1.990566037735849,0,0.0002040268181272867,0.0006120804543818601,0.4616711139678955,0.0,0
4,11,1753093119.0295572,11,1073,304,308,299,21.385164807134505,16.0,708,0.042944797561688716,1,21.385164807134505,88.52921605926848,30.16378071129442,489.83888100429004,163.27962700143001,2710.3157581661935,1355.1578790830968,708,499362,0.001417809124442789,877,708,1.2387005649717515,0,0.0002040268181272867,0.0008161072725091468,0.6424269676208496,0.0,0
5,11,1753093119.1793003,11,1073,304,308,299,21.385164807134505,0.0,708,0.042944797561688716,1,21.385164807134505,0.0,24.13102456903554,-591.1669195958262,270.2514501500291,-7218.575941959733,3309.630566708642,708,499362,0.001417809124442789,1194,708,1.6864406779661016,0,0.0002040268181272867,0.0010201340906364335,0.7921700477600098,0.0,0
6,11,1753093119.3646386,11,1053,304,308,299,41.3851648071345,20.0,1024,0.047971211265574874,1,41.3851648071345,107.90608169035463,38.093534089255385,582.1861232882743,332.63838477767814,6330.596464853896,4064.8720412449557,1024,499362,0.002050616586764712,1195,1024,1.1669921875,0,0.0002040268181272867,0.0012241609087637203,0.9775083065032959,0.0,0
7,11,1753093119.521731,11,1053,304,308,299,41.3851648071345,0.0,1024,0.047971211265574874,1,41.3851648071345,0.0,32.651600647933186,-686.7416595601505,391.6555972414235,-8075.778100774124,4867.05325315079,1024,499362,0.002050616586764712,1512,1024,1.4765625,0,0.0002040268181272867,0.001428187726891007,1.1346006393432617,0.0,0
8,11,1753093119.7088795,11,1053,319,308,299,56.3851648071345,15.0,1295,0.051459662529387495,1,56.3851648071345,80.17729226589252,38.592312100178106,428.5598796726899,396.92763758874725,5961.45716504475,5049.453905133117,1295,499362,0.002593309062363576,1558,1295,1.2030888030888032,0,0.0002040268181272867,0.0016322145450182938,1.321749210357666,0.0,0
9,11,1753093119.8717396,11,1053,319,308,299,56.3851648071345,0.0,1295,0.051459662529387495,1,56.3851648071345,0.0,34.30427742238054,-492.2614797943085,408.84436786444246,-5653.531969303724,5135.750771443204,1295,499362,0.002593309062363576,1875,1295,1.4478764478764479,0,0.0002040268181272867,0.0018362413631455806,1.4846093654632568,0.0,0
10,11,1753093120.0348868,11,1053,319,308,299,56.3851648071345,0.0,1295,0.051459662529387495,1,56.3851648071345,0.0,30.873849680142484,0.0,363.4172158795044,3017.9015006192913,4871.019612590214,1295,499362,0.002593309062363576,2192,1295,1.6926640926640926,0,0.0002040268181272867,0.0020402681812728674,1.647756576538086,0.0,-0.5
11,11,1753093120.3145115,11,1053,319,308,299,56.3851648071345,0.0,1295,0.051459662529387495,1,56.3851648071345,0.0,28.067136072856805,0.0,327.075494291554,0.0,4329.795211191301,1295,499362,0.002593309062363576,2509,1295,1.9374517374517375,0,0.00022325272716856986,0.0022635209084414373,1.9273812770843506,0.0,0
12,11,1753093120.476603,11,1053,319,308,299,56.3851648071345,0.0,1295,0.051459662529387495,1,56.3851648071345,0.0,25.728208066785403,0.0,297.3413584468672,0.0,3896.815690072171,1295,499362,0.002593309062363576,2826,1295,2.1822393822393824,0,0.00022325272716856986,0.002486773635610007,2.089472770690918,0.0,0
13,11,1753093120.6747236,11,1053,334,308,299,71.3851648071345,15.0,1566,0.05588130454459891,1,71.3851648071345,75.73324473751684,29.57474934914936,382.36829056484146,304.4269361233651,1930.5327552808726,3718.062696000235,1566,499362,0.00313600153796244,2872,1566,1.8339719029374202,0,0.00022325272716856986,0.002710026362778577,2.287593364715576,0.0,0
14,11,1753093120.8949842,11,1053,334,308,299,71.3851648071345,0.0,1566,0.05588130454459891,1,71.3851648071345,0.0,27.462267252781547,-343.72308452782676,307.44971676986216,-3295.4400403798973,3682.844141365207,1566,499362,0.00313600153796244,3189,1566,2.0363984674329503,0,0.00022325272716856986,0.002933279089947147,2.5078539848327637,0.0,0
15,11,1753093121.0994096,11,1032,334,308,299,92.3851648071345,21.0,1883,0.06086966969853533,1,92.3851648071345,102.72232089855981,32.4796041625001,502.47024813269996,321.3797547243506,4139.187764751257,3717.9474970102883,1883,499362,0.003770811555544875,3189,1883,1.6935740839086564,0,0.00022325272716856986,0.003156531817115717,2.7122793197631836,0.0,0
16,11,1753093121.275103,11,1032,334,308,299,92.3851648071345,0.0,1883,0.06086966969853533,1,92.3851648071345,0.0,30.449628902343843,-584.714510810315,338.93540513008156,-6188.457376401702,3894.412488395389,1883,499362,0.003770811555544875,3506,1883,1.8619224641529475,0,0.00022325272716856986,0.0033797845442842867,2.887972831726074,0.0,0
17,11,1753093121.4535947,11,1032,334,308,299,92.3851648071345,0.0,1883,0.06086966969853533,1,92.3851648071345,0.0,28.6584742610295,0.0,317.7519423094514,3275.8833458222434,3853.1772122238463,1883,499362,0.003770811555544875,3823,1883,2.0302708443972386,0,0.00022325272716856986,0.0036030372714528566,3.066464424133301,0.0,0
18,11,1753093121.660456,11,1032,349,308,299,107.3851648071345,15.0,2154,0.06434210052026386,1,107.3851648071345,72.51613081694894,31.09501073635836,350.5726152440568,319.6825701291341,1694.8113085251955,3718.27934324268,2154,499362,0.00431350403114374,3869,2154,1.7961931290622097,0,0.00022325272716856986,0.0038262899986214265,3.2733256816864014,0.0,0
19,11,1753093121.842719,11,1032,349,308,299,107.3851648071345,0.0,2154,0.06434210052026386,1,107.3851648071345,0.0,29.458431223918446,-397.9155350812463,324.028845959807,-4107.156014576736,3741.154441556448,2154,499362,0.00431350403114374,4186,2154,1.9433611884865367,0,0.00022325272716856986,0.004049542725789996,3.4555888175964355,0.0,0
20,11,1753093122.0234697,11,1032,349,308,299,107.3851648071345,0.0,2154,0.06434210052026386,1,107.3851648071345,0.0,27.985509662722524,0.0,306.9746961724487,2200.971024952672,3655.5886961895717,2154,499362,0.00431350403114374,4503,2154,2.0905292479108635,0,0.00022325272716856986,0.004272795452958566,3.6363394260406494,0.0,-0.5
21,11,1753093122.323324,11,1032,349,308,299,107.3851648071345,0.0,2154,0.06434210052026386,1,107.3851648071345,0.0,26.652866345450022,0.0,291.62596136382626,0.0,3463.1892911269624,2154,499362,0.00431350403114374,4820,2154,2.2376973073351905,0,0.0002272949090679917,0.004500090362026557,3.9361937046051025,0.0,0
22,11,1753093122.5048373,11,1032,349,308,299,107.3851648071345,0.0,2154,0.06434210052026386,1,107.3851648071345,0.0,25.44137242065684,0.0,277.7390108226917,0.0,3290.029826570614,2154,499362,0.00431350403114374,5137,2154,2.384865366759517,0,0.0002272949090679917,0.0047273852710945485,4.117707014083862,0.0,0
23,11,1753093122.7127373,11,1012,349,308,299,127.3851648071345,20.0,2470,0.06880980130646705,1,127.3851648071345,96.20724575683168,28.518149522229656,462.79170680577033,286.1504970037407,2226.195773544317,3239.3710621407904,2470,499362,0.0049463114934656625,5138,2470,2.080161943319838,0,0.0002272949090679917,0.00495468018016254,4.325607061386108,0.0,0
24,11,1753093122.8956406,11,1012,349,308,299,127.3851648071345,0.0,2470,0.06880980130646705,1,127.3851648071345,0.0,27.329893292136756,-525.9608656128859,296.5770347693557,-5405.467693989728,3337.829999952106,2470,499362,0.0049463114934656625,5455,2470,2.208502024291498,0,0.0002272949090679917,0.005181975089230531,4.50851035118103,0.0,0
25,11,1753093123.0788999,11,1012,349,308,299,127.3851648071345,0.0,2470,0.06880980130646705,1,127.3851648071345,0.0,26.236697560451283,0.0,284.21965832063256,2870.7617824475337,3317.5226861475594,2470,499362,0.0049463114934656625,5772,2470,2.336842105263158,0,0.0002272949090679917,0.005409269998298522,4.691769599914551,0.0,0
26,11,1753093123.2897696,11,1012,364,308,299,142.38516480713452,15.0,2741,0.07224818868876687,1,142.38516480713452,71.11585358272002,27.962818945923157,337.1643087199248,286.3374443366042,1598.5151741496788,3245.8973731476476,2741,499362,0.005489003969064527,5818,2741,2.122582998905509,0,0.0002272949090679917,0.005636564907366514,4.902639389038086,0.0,0
27,11,1753093123.4777815,11,1012,364,308,299,142.38516480713452,0.0,2741,0.07224818868876687,1,142.38516480713452,0.0,26.92715898496304,-378.2960393074546,289.87431337394463,-3805.843596118426,3268.2952220664793,2741,499362,0.005489003969064527,6135,2741,2.2382342210871946,0,0.0002272949090679917,0.005863859816434505,5.090651273727417,0.0,0
28,11,1753093123.687725,11,992,364,308,299,162.38516480713452,20.0,3057,0.07529207268474573,1,162.38516480713452,95.24791844789392,29.367186108639142,453.60829843283256,295.93853504279235,3961.8578258768034,3294.9707068284147,3057,499362,0.006121811431386449,6136,3057,2.007196597971868,0,0.0002272949090679917,0.006091154725502496,5.300594806671143,0.0,0
29,11,1753093123.8751163,11,992,364,308,299,162.38516480713452,0.0,3057,0.07529207268474573,1,162.38516480713452,0.0,28.35452451868607,-508.2829718142837,303.52226492748844,-5133.05656827434,3363.047960956042,3057,499362,0.006121811431386449,6453,3057,2.110893032384691,0,0.0002272949090679917,0.006318449634570488,5.487986087799072,0.0,0
30,11,1753093124.0630462,11,992,364,308,299,162.38516480713452,0.0,3057,0.07529207268474573,1,162.38516480713452,0.0,27.409373701396532,0.0,293.05597992998884,2704.8373613733665,3339.540439542375,3057,499362,0.006121811431386449,6770,3057,2.214589466797514,0,0.0002272949090679917,0.006545744543638479,5.675915956497192,0.0,-0.5
31,11,1753093124.420622,11,992,364,308,299,162.38516480713452,0.0,3057,0.07529207268474573,1,162.38516480713452,0.0,26.525200356190194,0.0,283.2874472656559,0.0,3224.3838726616036,3057,499362,0.006121811431386449,7087,3057,2.318285901210337,0,0.00023491909087169915,0.006780663634510178,6.033491849899292,0.0,0
32,11,1753093124.6079628,11,992,364,308,299,162.38516480713452,0.0,3057,0.07529207268474573,1,162.38516480713452,0.0,25.696287845059253,0.0,274.14914251515086,0.0,3116.90441023955,3057,499362,0.006121811431386449,7404,3057,2.42198233562316,0,0.00023491909087169915,0.007015582725381877,6.220832586288452,0.0,0
33,11,1753093124.8264189,11,992,379,308,299,177.38516480713452,15.0,3328,0.07877451628277682,1,177.38516480713452,68.66962383430547,26.99851014776368,314.3678158363343,275.4059760564379,1439.1679772728862,3062.783880143851,3328,499362,0.006664503906985314,7450,3328,2.238581730769231,0,0.00023491909087169915,0.007250501816253576,6.43928861618042,0.0,0
34,11,1753093125.0179574,11,992,379,308,299,177.38516480713452,0.0,3328,0.07877451628277682,1,177.38516480713452,0.0,26.20443631988828,-358.51813236647155,277.92452624765104,-3513.0790002201006,3076.8556026462334,3328,499362,0.006664503906985314,7767,3328,2.3338341346153846,0,0.00023491909087169915,0.0074854209071252755,6.630827188491821,0.0,0
35,11,1753093125.21106,11,992,379,308,299,177.38516480713452,0.0,3328,0.07877451628277682,1,177.38516480713452,0.0,25.455738139320044,0.0,269.7502754756613,1856.5351182481543,3039.8761940281097,3328,499362,0.006664503906985314,8084,3328,2.4290865384615383,0,0.00023491909087169915,0.007720339997996975,6.823929786682129,0.0,0
36,11,1753093125.4214458,11,972,379,308,299,197.38516480713452,20.0,3644,0.08185044116292389,1,197.38516480713452,95.0602185727949,27.389195929138786,451.822257755377,274.9523321122246,2147.5161289139905,3013.6303097600476,3644,499362,0.007297311369307236,8085,3644,2.218715697036224,0,0.00023491909087169915,0.007955259088868674,7.034315586090088,0.0,0
37,11,1753093125.6175134,11,972,379,308,299,197.38516480713452,0.0,3644,0.08185044116292389,1,197.38516480713452,0.0,26.648947390513413,-484.86993284829236,280.7833765771154,-4777.749161282701,3064.0337055178375,3644,499362,0.007297311369307236,8402,3644,2.305708013172338,0,0.00023491909087169915,0.008190178179740373,7.2303831577301025,0.0,0
38,11,1753093125.8461413,11,972,395,308,299,213.38516480713452,16.0,3928,0.08561524505268722,1,213.38516480713452,69.97920088260167,27.789217219252578,306.0680347604699,281.46674571720604,3459.3254325606417,3075.0140312690264,3928,499362,0.007866037063292761,8435,3928,2.1474032586558045,0,0.00023491909087169915,0.008425097270612072,7.459011077880859,0.0,0
39,11,1753093126.0488498,11,972,395,308,299,213.38516480713452,0.0,3928,0.08561524505268722,1,213.38516480713452,0.0,27.07667318798969,-345.23428015768246,283.14483872879754,-3213.1245144255936,3078.746747030015,3928,499362,0.007866037063292761,8752,3928,2.2281059063136457,0,0.00023491909087169915,0.008660016361483771,7.661719560623169,0.0,0
40,11,1753093126.2519312,11,972,395,308,299,213.38516480713452,0.0,3928,0.08561524505268722,1,213.38516480713452,0.0,26.399756358289956,0.0,275.8847146588284,1699.9561188904024,3042.4627831316043,3928,499362,0.007866037063292761,9069,3928,2.308808553971487,0,0.00023491909087169915,0.00889493545235547,7.864800930023193,0.0,-0.5
41,11,1753093126.579905,11,972,395,308,299,213.38516480713452,0.0,3928,0.08561524505268722,1,213.38516480713452,0.0,25.7558598617463,0.0,268.98759679235764,0.0,2964.4509168974605,3928,499362,0.007866037063292761,9386,3928,2.389511201629328,0,0.00024298672724398784,0.009137922179599458,8.192774772644043,0.0,0
42,11,1753093126.7841873,11,972,395,308,299,213.38516480713452,0.0,3928,0.08561524505268722,1,213.38516480713452,0.0,25.14262510313329,0.0,262.4269236998611,0.0,2890.3396439750236,3928,499362,0.007866037063292761,9703,3928,2.4702138492871692,0,0.00024298672724398784,0.009380908906843446,8.397057056427002,0.0,0
43,11,1753093127.0755517,11,972,410,308,299,228.38516480713452,15.0,4199,0.09006892795206684,1,228.38516480713452,51.48440440846735,25.755224621861988,176.70959315297415,260.3860348773162,606.5192104495636,2834.6367065719637,4199,499362,0.008408729538891626,9749,4199,2.3217432722076685,0,0.00024298672724398784,0.009623895634087434,8.688421487808228,0.0,0
44,11,1753093127.2873268,11,972,410,308,299,228.38516480713452,0.0,4199,0.09006892795206684,1,228.38516480713452,0.0,25.169878607728762,-243.05636879438504,259.9830193870155,-1981.7028404358382,2814.3287573782463,4199,499362,0.008408729538891626,10066,4199,2.3972374374851153,0,0.00024298672724398784,0.009866882361331422,8.900196552276611,0.0,0
45,11,1753093127.500776,11,972,410,308,299,228.38516480713452,0.0,4199,0.09006892795206684,1,228.38516480713452,0.0,24.610547972001456,0.0,254.07431440094695,1138.9612230745286,2775.3667216967647,4199,499362,0.008408729538891626,10383,4199,2.4727316027625625,0,0.00024298672724398784,0.01010986908857541,9.113645792007446,0.0,0
46,11,1753093127.7396073,11,951,410,308,299,249.38516480713452,21.0,4516,0.09431835021487418,1,249.38516480713452,87.91931581342979,25.98682553377164,368.0860044334098,256.60790751277943,1541.0414128706893,2747.313873768899,4516,499362,0.009043539556474061,10383,4516,2.2991585473870684,0,0.00024298672724398784,0.010352855815819397,9.352477073669434,0.0,0
47,11,1753093127.9564347,11,951,410,308,299,249.38516480713452,0.0,4516,0.09431835021487418,1,249.38516480713452,0.0,25.433914352202027,-405.4405440101281,259.84339961054786,-3567.1231253976503,2765.531857138427,4516,499362,0.009043539556474061,10700,4516,2.3693534100974314,0,0.00024298672724398784,0.010595842543063385,9.569304466247559,0.0,0
48,11,1753093128.2043846,11,951,425,308,299,264.3851648071345,15.0,4787,0.0977907810366027,1,264.3851648071345,60.497968642572445,26.164415483251407,244.0002806585119,259.5063119732705,2619.323376400652,2762.3534119049973,4787,499362,0.009586232032072924,10746,4787,2.244829747232087,0,0.00024298672724398784,0.010838829270307373,9.817254304885864,0.0,0
49,11,1753093128.4271839,11,951,425,308,299,264.3851648071345,0.0,4787,0.0977907810366027,1,264.3851648071345,0.0,25.63044782032791,-271.5665240441449,259.7575663914137,-2314.303904860723,2752.8204436700125,4787,499362,0.009586232032072924,11063,4787,2.311050762481721,0,0.00024298672724398784,0.011081815997551361,10.040053606033325,0.0,0
50,11,1753093128.6506932,11,951,425,308,299,264.3851648071345,0.0,4787,0.0977907810366027,1,264.3851648071345,0.0,25.117838863921353,0.0,254.45639156709913,1214.8721680256206,2720.7798545940877,4787,499362,0.009586232032072924,11380,4787,2.3772717777313557,0,0.00024298672724398784,0.011324802724795349,10.26356291770935,0.0,-0.5
51,11,1753093128.9999692,11,951,425,308,299,264.3851648071345,0.0,4787,0.0977907810366027,1,264.3851648071345,0.0,24.625332219530737,0.0,249.36726373575715,0.0,2665.2537351125757,4787,499362,0.009586232032072924,11697,4787,2.44349279298099,0,0.0002545850000553235,0.011579387724850673,10.612838983535767,0.0,0
52,11,1753093129.220926,11,951,425,308,299,264.3851648071345,0.0,4787,0.0977907810366027,1,264.3851648071345,0.0,24.151768138385915,0.0,244.47770954485995,0.0,2611.948660410324,4787,499362,0.009586232032072924,12014,4787,2.5097138082306247,0,0.0002545850000553235,0.011833972724905996,10.83379578590393,0.0,0
53,11,1753093129.4827712,11,951,440,308,299,279.3851648071345,15.0,5058,0.10218839238868796,1,279.3851648071345,57.30267939602927,24.777257030039564,218.90647106427448,243.98595495869483,836.2618219408185,2577.1312714207265,5058,499362,0.01012892450767179,12060,5058,2.3843416370106763,0,0.0002545850000553235,0.01208855772496132,11.095640897750854,0.0,0
54,11,1753093129.7131593,11,951,440,308,299,279.3851648071345,0.0,5058,0.10218839238868796,1,279.3851648071345,0.0,24.318418936890684,-248.64898764175484,244.0739367074318,-2028.8264475410624,2566.586947884579,5058,499362,0.01012892450767179,12377,5058,2.4470146302886517,0,0.0002545850000553235,0.012343142725016644,11.326029062271118,0.0,0
55,11,1753093129.9939153,11,951,440,308,299,279.3851648071345,0.0,5058,0.10218839238868796,1,279.3851648071345,0.0,23.876265865310852,0.0,239.55404899062754,885.6228290266329,2534.8706437551837,5058,499362,0.01012892450767179,12694,5058,2.5096876235666272,0,0.0002545850000553235,0.012597727725071967,11.60678505897522,0.0,0
56,11,1753093130.25474,11,931,440,308,299,299.3851648071345,20.0,5374,0.10684433336937933,1,299.3851648071345,76.6797199217536,24.81918468774733,293.9889723639288,240.54377487014207,1127.149603047511,2508.801735593931,5374,499362,0.010761731969993712,12695,5374,2.3622999627837737,0,0.0002545850000553235,0.012852312725127291,11.867609739303589,0.0,0
57,11,1753093130.489541,11,931,440,308,299,299.3851648071345,0.0,5374,0.10684433336937933,1,299.3851648071345,0.0,24.383760394979834,-326.57547164628136,242.08005516971602,-2642.956001878313,2511.2409040718285,5374,499362,0.010761731969993712,13012,5374,2.421287681429103,0,0.0002545850000553235,0.013106897725182615,12.102410793304443,0.0,0
58,11,1753093130.7566068,11,931,455,308,299,314.3851648071345,15.0,5645,0.11033278463319195,1,314.3851648071345,56.17441646592011,24.93187515482363,210.3710043524424,241.52375603257087,2010.843664177366,2502.305239073713,5645,499362,0.011304424445592575,13058,5645,2.313197519929141,0,0.0002545850000553235,0.013361482725237938,12.369476556777954,0.0,0
59,11,1753093130.9958625,11,931,455,308,299,314.3851648071345,0.0,5645,0.11033278463319195,1,314.3851648071345,0.0,24.50930099965713,-234.72251191549105,241.40649320296606,-1859.805134586307,2491.0333074160394,5645,499362,0.011304424445592575,13375,5645,2.3693534100974314,0,0.0002545850000553235,0.013616067725293262,12.608732223510742,0.0,0
60,11,1753093131.2353864,11,931,455,308,299,314.3851648071345,0.0,5645,0.11033278463319195,1,314.3851648071345,0.0,24.100812649662842,0.0,237.3148577249497,980.0549813865665,2464.9819569672554,5645,499362,0.011304424445592575,13692,5645,2.425509300265722,0,0.0002545850000553235,0.013870652725348586,12.84825611114502,0.0,-0.5
61,11,1753093131.6042585,11,931,455,308,299,314.3851648071345,0.0,5645,0.11033278463319195,1,314.3851648071345,0.0,23.70571736032411,0.0,233.35961009620053,0.0,2423.2026017644207,5645,499362,0.011304424445592575,14009,5645,2.4816651904340126,0,0.0002580300909109858,0.014128682816259572,13.217128276824951,0.0,0
62,11,1753093131.8488038,11,931,455,308,299,314.3851648071345,0.0,5645,0.11033278463319195,1,314.3851648071345,0.0,23.32336708031888,0.0,229.5340427175743,0.0,2382.815891735014,5645,499362,0.011304424445592575,14326,5645,2.5378210806023027,0,0.0002580300909109858,0.014386712907170559,13.461673498153687,0.0,0
63,11,1753093132.1214857,11,911,455,308,299,334.3851648071345,20.0,5961,0.11535519322655709,1,334.3851648071345,73.34552172707966,24.11736953502937,268.9782778708757,230.17024005875658,986.4176061845391,2359.924116562055,5961,499362,0.011937231907914498,14327,5961,2.4034557960073815,0,0.0002580300909109858,0.014644742998081545,13.734355449676514,0.0,0
64,11,1753093132.4159513,11,911,455,308,299,334.3851648071345,0.0,5961,0.11535519322655709,1,334.3851648071345,0.0,23.740535636044537,-249.0987065132537,230.47069190724068,-1759.511741760871,2350.240046000746,5961,499362,0.011937231907914498,14644,5961,2.4566347928199965,0,0.0002580300909109858,0.014902773088992531,14.028820991516113,0.0,0
65,11,1753093132.6550415,11,911,455,308,299,334.3851648071345,0.0,5961,0.11535519322655709,1,334.3851648071345,0.0,23.375296626259235,0.0,226.86958734619003,1041.8587014439954,2329.472088150639,5961,499362,0.011937231907914498,14961,5961,2.509813789632612,0,0.0002580300909109858,0.015160803179903518,14.267911195755005,0.0,0
66,11,1753093132.9239545,11,911,470,308,299,349.3851648071345,15.0,6232,0.11884364449036972,1,349.3851648071345,55.775665274518545,23.866211302748013,207.39498912100893,226.5699781427257,771.1728995217206,2305.1236633283115,6232,499362,0.012479924383513363,15007,6232,2.4080551989730425,0,0.0002580300909109858,0.015418833270814504,14.536824226379395,0.0,0
67,11,1753093133.1691635,11,911,470,308,299,349.3851648071345,0.0,6232,0.11884364449036972,1,349.3851648071345,0.0,23.509999193751774,-227.46949860622166,226.58360724065747,-1773.5047443738167,2296.9449107290116,6232,499362,0.012479924383513363,15324,6232,2.458921694480103,0,0.0002580300909109858,0.01567686336172549,14.782033205032349,0.0,0
68,11,1753093133.4379923,11,891,470,308,299,369.3851648071345,20.0,6548,0.12313912552416884,1,369.3851648071345,74.38634823908316,24.25818079735959,276.6664402173075,227.33111221045823,1875.0415752582085,2290.552435949151,6548,499362,0.013112731845835286,15325,6548,2.3404092852779477,0,0.0002580300909109858,0.015934893452636475,15.050862073898315,0.0,0
69,11,1753093133.6853309,11,891,470,308,299,369.3851648071345,0.0,6548,0.12313912552416884,1,369.3851648071345,0.0,23.9066129597167,-300.75551383535844,228.41088282258912,-2334.6062900246325,2291.209956159233,6548,499362,0.013112731845835286,15642,6548,2.388821014050092,0,0.0002580300909109858,0.016192923543547462,15.298200607299805,0.0,0
70,11,1753093133.9335914,11,891,470,308,299,369.3851648071345,0.0,6548,0.12313912552416884,1,369.3851648071345,0.0,23.56508991743503,0.0,225.10058017298635,1211.5653696488214,2275.3328298870215,6548,499362,0.013112731845835286,15959,6548,2.437232742822236,0,0.0002580300909109858,0.01645095363445845,15.54646110534668,0.0,-0.5
71,11,1753093134.3625178,11,891,470,308,299,369.3851648071345,0.0,6548,0.12313912552416884,1,369.3851648071345,0.0,23.23318724254158,0.0,221.88485759908656,0.0,2242.356991772717,6548,499362,0.013112731845835286,16276,6548,2.48564447159438,0,0.000269669818160103,0.01672062345261855,15.975387573242188,0.0,0
72,11,1753093134.6122699,11,891,470,308,299,369.3851648071345,0.0,6548,0.12313912552416884,1,369.3851648071345,0.0,22.910504086395164,0.0,218.7597187596628,0.0,2210.3233204616777,6548,499362,0.013112731845835286,16593,6548,2.5340562003665243,0,0.000269669818160103,0.016990293270778653,16.225139617919922,0.0,0
73,11,1753093134.893981,11,891,486,308,299,385.3851648071345,16.0,6832,0.12690392941393216,1,385.3851648071345,56.80548511063333,23.374818894946372,201.67894616589905,218.52248580697162,716.0293983472,2189.27692719246,6832,499362,0.01368145753982081,16626,6832,2.4335480093676813,0,0.000269669818160103,0.017259963088938755,16.506850719451904,0.0,0
74,11,1753093135.1472116,11,891,486,308,299,385.3851648071345,0.0,6832,0.12690392941393216,1,385.3851648071345,0.0,23.058942963933585,-224.31176770553938,218.60179103845886,-1682.1391432279177,2182.233346859618,6832,499362,0.01368145753982081,16943,6832,2.479947306791569,0,0.000269669818160103,0.017529632907098858,16.76008129119873,0.0,0
75,11,1753093135.4023368,11,891,486,308,299,385.3851648071345,0.0,6832,0.12690392941393216,1,385.3851648071345,0.0,22.751490391081138,0.0,215.64771278118238,879.162043809363,2164.383055037012,6832,499362,0.01368145753982081,17260,6832,2.5263466042154565,0,0.000269669818160103,0.01779930272525896,17.015206575393677,0.0,0
76,11,1753093135.6802292,11,870,486,308,299,406.3851648071345,21.0,7149,0.13068675630104012,1,406.3851648071345,75.56610761603181,23.446419565093645,271.91602953512864,216.39795700456833,978.4588547797913,2148.3570523308335,7149,499362,0.014316267557403247,17260,7149,2.4143236816337947,0,0.000269669818160103,0.018068972543419062,17.29309892654419,0.0,0
77,11,1753093135.9400256,11,870,486,308,299,406.3851648071345,0.0,7149,0.13068675630104012,1,406.3851648071345,0.0,23.14192060970282,-290.902707991843,217.37828267545353,-2166.6524850938727,2148.6009914343404,7149,499362,0.014316267557403247,17577,7149,2.458665547629039,0,0.000269669818160103,0.018338642361579165,17.552895307540894,0.0,0
78,11,1753093136.2272604,11,870,501,308,299,421.3851648071345,15.0,7420,0.13415918712276864,1,421.3851648071345,52.226335904476976,23.51479772886659,181.8393441338174,216.91673801906862,1645.972347365767,2141.987456643965,7420,499362,0.01485896003300211,17623,7420,2.3750673854447437,0,0.000269669818160103,0.018608312179739267,17.8401300907135,0.0,0
79,11,1753093136.489832,11,870,501,308,299,421.3851648071345,0.0,7420,0.13415918712276864,1,421.3851648071345,0.0,23.217142061412584,-198.87398314202005,216.68542064885006,-1449.7278914814099,2132.9970726808147,7420,499362,0.01485896003300211,17940,7420,2.417789757412399,0,0.000269669818160103,0.01887798199789937,18.102701663970947,0.0,0
80,11,1753093136.7524934,11,870,501,308,299,421.3851648071345,0.0,7420,0.13415918712276864,1,421.3851648071345,0.0,22.926927785644928,0.0,213.94256722291524,757.2353886258335,2115.3591023724175,7420,499362,0.01485896003300211,18257,7420,2.460512129380054,0,0.000269669818160103,0.01914765181605947,18.365363121032715,0.0,-0.5
81,11,1753093137.1952202,11,870,501,308,299,421.3851648071345,0.0,7420,0.13415918712276864,1,421.3851648071345,0.0,22.643879294464124,0.0,211.26828513262882,0.0,2088.5824048740324,7420,499362,0.01485896003300211,18574,7420,2.503234501347709,0,0.0002775911816570442,0.019425242997716516,18.80808997154236,0.0,0
82,11,1753093137.457858,11,870,501,308,299,421.3851648071345,0.0,7420,0.13415918712276864,1,421.3851648071345,0.0,22.36773442501944,0.0,208.66003469889264,0.0,2062.475124813107,7420,499362,0.01485896003300211,18891,7420,2.545956873315364,0,0.0002775911816570442,0.01970283417937356,19.070727825164795,0.0,0
83,11,1753093137.756213,11,870,516,308,299,436.3851648071345,15.0,7691,0.13855679847485391,1,436.3851648071345,50.27417456363885,22.70395659536425,168.49950853701543,208.1702721847234,564.7449137384846,2043.9846283800869,7691,499362,0.015401652508600976,18937,7691,2.4622285788584057,0,0.0002775911816570442,0.019980425361030604,19.36908268928528,0.0,0
84,11,1753093138.0279937,11,870,516,308,299,436.3851648071345,0.0,7691,0.13855679847485391,1,436.3851648071345,0.0,22.433671397800392,-184.96393218883708,207.89067772694162,-1300.4288672883492,2034.9168751960412,7691,499362,0.015401652508600976,19254,7691,2.5034455857495774,0,0.0002775911816570442,0.02025801654268765,19.6408634185791,0.0,0
85,11,1753093138.3005006,11,870,516,308,299,436.3851648071345,0.0,7691,0.13855679847485391,1,436.3851648071345,0.0,22.169745851943915,0.0,205.41578870638278,678.823051289508,2018.5783953899384,7691,499362,0.015401652508600976,19571,7691,2.544662592640749,0,0.0002775911816570442,0.020535607724344693,19.913370370864868,0.0,0
86,11,1753093138.6026366,11,850,516,308,299,456.3851648071345,20.0,8007,0.1430565401452253,1,456.3851648071345,66.19724845211621,22.681693556597082,219.10378513156013,205.5768239584437,725.2033850576487,2003.1810738383635,8007,499362,0.0160344599709229,19572,8007,2.4443611839640313,0,0.0002775911816570442,0.020813198906001737,20.215506315231323,0.0,0
87,11,1753093138.9321642,11,850,516,308,299,456.3851648071345,0.0,8007,0.1430565401452253,1,456.3851648071345,0.0,22.420984435256884,-200.86755248951164,205.5220649878747,-1274.3522831573862,1994.606617477411,8007,499362,0.0160344599709229,19889,8007,2.4839515424003995,0,0.0002775911816570442,0.02109079008765878,20.545033931732178,0.0,0
88,11,1753093139.2417924,11,850,531,308,299,471.3851648071345,15.0,8278,0.14654499140903793,1,471.3851648071345,48.45142270975612,22.716784870194378,156.50269083996474,204.9586239057148,1154.3397815629908,1984.836072873755,8278,499362,0.016577152446521762,19935,8278,2.4081903841507613,0,0.0002775911816570442,0.021368381269315825,20.8546621799469,0.0,0
89,11,1753093139.526883,11,850,531,308,299,471.3851648071345,0.0,8278,0.14654499140903793,1,471.3851648071345,0.0,22.46154009637197,-169.96228586584917,204.56093824617093,-1145.2033932718468,1975.185122533503,8278,499362,0.016577152446521762,20252,8278,2.4464846581299833,0,0.0002775911816570442,0.02164597245097287,21.139752626419067,0.0,0
90,11,1753093139.8116353,11,850,531,308,299,471.3851648071345,0.0,8278,0.14654499140903793,1,471.3851648071345,0.0,22.211967428634505,0.0,202.262500737787,596.8115527859843,1959.521786513645,8278,499362,0.016577152446521762,20569,8278,2.4847789321092053,0,0.0002775911816570442,0.021923563632629914,21.42450499534607,0.0,-0.5
91,11,1753093140.2327545,11,850,531,308,299,471.3851648071345,0.0,8278,0.14654499140903793,1,471.3851648071345,0.0,21.967879874473685,0.0,200.01513961847826,0.0,1937.5046877887726,8278,499362,0.016577152446521762,20886,8278,2.5230732060884273,0,0.00028493509092765055,0.022208498723557565,21.845624208450317,0.0,0
92,11,1753093140.5151098,11,850,531,308,299,471.3851648071345,0.0,8278,0.14654499140903793,1,471.3851648071345,0.0,21.729098571490276,0.0,197.81717105124224,0.0,1915.976857924453,8278,499362,0.016577152446521762,21203,8278,2.5613674800676494,0,0.00028493509092765055,0.022493433814485216,22.127979516983032,0.0,0
93,11,1753093140.834848,11,850,546,308,299,486.3851648071345,15.0,8549,0.15096663342424935,1,486.3851648071345,46.91751661681436,21.999941776278707,146.75022436593676,197.26209554379327,459.0104060140049,1899.9662375737887,8549,499362,0.017119844922120625,21249,8549,2.485553865949234,0,0.00028493509092765055,0.022778368905412866,22.447717666625977,0.0,0
94,11,1753093141.1759963,11,850,546,308,299,486.3851648071345,0.0,8549,0.15096663342424935,1,486.3851648071345,0.0,21.76589984248851,-137.51626663235808,196.61966727592838,-833.1912980397763,1888.3708577962452,8549,499362,0.017119844922120625,21566,8549,2.5226342262252897,0,0.00028493509092765055,0.023063303996340517,22.78886604309082,0.0,0
95,11,1753093141.4691308,11,850,546,308,299,486.3851648071345,0.0,8549,0.15096663342424935,1,486.3851648071345,0.0,21.536785107304418,0.0,194.52796868788658,469.08422687835053,1873.1097112272357,8549,499362,0.017119844922120625,21883,8549,2.5597145865013453,0,0.00028493509092765055,0.023348239087268168,23.082000494003296,0.0,0
96,11,1753093141.7948358,11,830,546,308,299,506.3851648071345,20.0,8865,0.15568064850749558,1,506.3851648071345,61.40835131112847,21.952113921927587,188.54928053754867,194.4650351284093,578.9250229355154,1859.3417890113665,8865,499362,0.017752652384442548,21884,8865,2.46858432036097,0,0.00028493509092765055,0.02363317417819582,23.407705545425415,0.0,0
97,11,1753093142.093841,11,830,546,308,299,506.3851648071345,0.0,8865,0.15568064850749558,1,506.3851648071345,0.0,21.72580346912421,-205.3445354232544,194.57836325648063,-1317.148904303935,1853.6344954881301,8865,499362,0.017752652384442548,22201,8865,2.504342921601805,0,0.00028493509092765055,0.02391810926912347,23.706710815429688,0.0,0
98,11,1753093142.4259162,11,830,562,308,299,522.3851648071345,16.0,9149,0.1594454523972589,1,522.3851648071345,48.18861591996146,21.995832167602142,145.13391901759766,194.06862671793542,1055.5669768294954,1845.3212921687689,9149,499362,0.018321378078428076,22234,9149,2.4302109520166137,0,0.00028493509092765055,0.02420304436005112,24.038785934448242,0.0,0
99,11,1753093142.7308927,11,830,562,308,299,522.3851648071345,0.0,9149,0.1594454523972589,1,522.3851648071345,0.0,21.77365204469707,-157.99320439180917,193.70051016358718,-993.8452194823255,1836.5431883266403,9149,499362,0.018321378078428076,22551,9149,2.464859547491529,0,0.00028493509092765055,0.02448797945097877,24.343762397766113,0.0,0
100,11,1753093143.0857737,11,830,562,308,299,522.3851648071345,0.0,9149,0.1594454523972589,1,522.3851648071345,0.0,21.5559155242501,0.0,191.743939353854,445.21032617466994,1822.345914223049,9149,499362,0.018321378078428076,22868,9149,2.4995081429664445,0,0.00028493509092765055,0.024772914541906423,24.698643445968628,0.0,-0.5
101,11,1753093143.523822,11,830,562,308,299,522.3851648071345,0.0,9149,0.1594454523972589,1,522.3851648071345,0.0,21.234656456391008,0.0,189.82649996031546,0.0,1803.9383797359476,9149,499362,0.018321378078428076,23185,9149,2.53415673844136,0,0.0003007676363763907,0.025073682178282812,25.13669180870056,0.0,0
102,11,1753093143.8278472,11,830,562,308,299,522.3851648071345,0.0,9149,0.1594454523972589,1,522.3851648071345,0.0,21.234656456391004,0.0,189.8264999603155,0.0,1785.898995938588,9149,499362,0.018321378078428076,23502,9149,2.568805333916275,0,0.0003007676363763907,0.0253744498146592,25.440716981887817,0.0,0
103,11,1753093144.1686049,11,810,562,308,299,542.3851648071345,20.0,9465,0.16447186610114506,1,542.3851648071345,58.6945536549545,21.82160199294055,172.2525314377166,191.54902527469264,505.5142724336397,1790.9541386629248,9465,499362,0.01895418554075,23503,9465,2.483148441627047,0,0.0003007676363763907,0.02567521745103559,25.781474590301514,0.0,0
104,11,1753093144.4854605,11,810,562,308,299,542.3851648071345,0.0,9465,0.16447186610114506,1,542.3851648071345,0.0,20.936309832347867,-185.2279781301278,188.50291624595104,-1128.1351996888436,1775.132333078151,9465,499362,0.01895418554075,23820,9465,2.5166402535657686,0,0.0003007676363763907,0.02597598508741198,26.09833025932312,0.0,0
105,11,1753093144.8009214,11,810,562,308,299,542.3851648071345,0.0,9465,0.16447186610114506,1,542.3851648071345,0.0,20.936309832347867,0.0,182.59124704999275,587.1550688978143,1708.818124347532,9465,499362,0.01895418554075,24137,9465,2.5501320655044903,0,0.0003007676363763907,0.02627675272378837,26.413791179656982,0.0,0
106,11,1753093145.1478534,11,810,577,308,299,557.3851648071345,15.0,9736,0.16796031736495767,1,557.3851648071345,43.240633765112676,20.289655353095444,124.6501605605735,178.01588742271576,359.3301294374834,1649.1054609933678,9736,499362,0.019496878016348862,24183,9736,2.483874281018899,0,0.0003007676363763907,0.02657752036016476,26.760723114013672,0.0,0
107,11,1753093145.5191858,11,810,577,308,299,557.3851648071345,0.0,9736,0.16796031736495767,1,557.3851648071345,0.0,20.289655353095448,-116.43475494049179,172.31281837651917,-649.1732570040086,1574.8394125556667,9736,499362,0.019496878016348862,24500,9736,2.5164338537387017,0,0.0003007676363763907,0.02687828799654115,27.132055521011353,0.0,0
108,11,1753093145.8768227,11,789,577,308,299,578.3851648071345,21.0,10053,0.17332716546313096,1,578.3851648071345,58.72605030362996,20.075142933472822,164.2261421078322,169.66948100087063,784.8621884915135,1523.0734627901343,10053,499362,0.020131688033931297,24500,10053,2.437083457674326,0,0.0003007676363763907,0.02717905563291754,27.489692449569702,0.0,0
109,11,1753093146.2039387,11,789,577,308,299,578.3851648071345,0.0,10053,0.17332716546313096,1,578.3851648071345,0.0,20.075142933472822,-179.49841696256948,166.54185037255317,-1050.6072501947342,1477.0442155990445,10053,499362,0.020131688033931297,24817,10053,2.468616333432806,0,0.0003007676363763907,0.027479823269293928,27.816808462142944,0.0,0
110,11,1753093146.5344331,11,789,577,308,299,578.3851648071345,0.0,10053,0.17332716546313096,1,578.3851648071345,0.0,20.075142933472822,0.0,166.5418503725532,543.1788903541246,1452.2969894963926,10053,499362,0.020131688033931297,25134,10053,2.500149209191286,0,0.0003007676363763907,0.027780590905670317,28.147302865982056,0.0,-0.5
111,11,1753093147.0556297,11,789,577,308,299,578.3851648071345,0.0,10053,0.17332716546313096,1,578.3851648071345,0.0,20.075142933472822,0.0,166.54185037255317,0.0,1452.2969894963926,10053,499362,0.020131688033931297,25451,10053,2.5316820849497663,0,0.0003090969090738905,0.028089687814744208,28.66849946975708,0.0,0
112,11,1753093147.384557,11,789,577,308,299,578.3851648071345,0.0,10053,0.17332716546313096,1,578.3851648071345,0.0,20.07514293347282,0.0,166.5418503725532,0.0,1452.2969894963926,10053,499362,0.020131688033931297,25768,10053,2.563214960708246,0,0.0003090969090738905,0.0283987847238181,28.997426748275757,0.0,0
113,11,1753093147.7594414,11,769,577,308,299,598.3851648071345,20.0,10369,0.17957113276540868,1,598.3851648071345,53.351378716454285,19.851324273262193,142.31848054732657,164.14135227237807,379.6443577015376,1436.7881055205994,10369,499362,0.02076449549625322,25769,10369,2.48519625807696,0,0.0003090969090738905,0.02870788163289199,29.372311115264893,0.0,0
114,11,1753093148.1019073,11,769,577,308,299,598.3851648071345,0.0,10369,0.17957113276540868,1,598.3851648071345,0.0,19.851324273262193,-155.75951077572066,162.26171653485702,-870.2395930242037,1412.5361010470422,10369,499362,0.02076449549625322,26086,10369,2.515768155077635,0,0.0003090969090738905,0.02901697854196588,29.71477699279785,0.0,0
115,11,1753093148.4449935,11,769,577,308,299,598.3851648071345,0.0,10369,0.17957113276540868,1,598.3851648071345,0.0,18.824101064276597,0.0,157.23701405353,453.99710291205173,1375.68419442865,10369,499362,0.02076449549625322,26403,10369,2.5463400520783104,0,0.0003090969090738905,0.02932607545103977,30.057863235473633,0.0,0
116,11,1753093148.8197186,11,769,592,308,299,613.3851648071345,15.0,10640,0.18293142049254849,1,613.3851648071345,40.03413249440193,19.224442389220613,106.84878430528856,152.45835678847973,285.1732258495797,1316.6513529231293,10640,499362,0.021307187971852083,26449,10640,2.4858082706766917,0,0.0003090969090738905,0.029635172360113662,30.43258833885193,0.0,0
117,11,1753093149.220119,11,769,592,308,299,613.3851648071345,0.0,10640,0.18293142049254849,1,613.3851648071345,0.0,19.224442389220616,-99.98786562821365,153.45823544476187,-516.5880680300187,1289.0584001452069,10640,499362,0.021307187971852083,26766,10640,2.5156015037593984,0,0.0003090969090738905,0.029944269269187553,30.832988739013672,0.0,0
118,11,1753093149.6084225,11,749,592,308,299,633.3851648071345,20.0,10956,0.1879998878569054,1,633.3851648071345,51.50793470485477,19.014360428099675,132.65336687797912,151.27904296110108,599.1434706792957,1278.1017217667477,10956,499362,0.021939995434174006,26767,10956,2.443136181087988,0,0.0003090969090738905,0.030253366178261444,31.22129225730896,0.0,0
119,11,1753093149.9681036,11,749,592,308,299,633.3851648071345,0.0,10956,0.1879998878569054,1,633.3851648071345,0.0,19.014360428099675,-143.17150867870578,148.7316026970757,-766.6831099101471,1244.6969927200819,10956,499362,0.021939995434174006,27084,10956,2.472070098576123,0,0.0003090969090738905,0.030562463087335335,31.580973386764526,0.0,0
120,11,1753093150.3270144,11,749,592,308,299,633.3851648071345,0.0,10956,0.1879998878569054,1,633.3851648071345,0.0,19.01436042809967,0.0,148.73160269707572,398.912171962732,1226.6764041901824,10956,499362,0.021939995434174006,27401,10956,2.501004016064257,0,0.0003090969090738905,0.030871559996409226,31.939884185791016,0.0,-0.5
121,11,1753093150.8300152,11,749,592,308,299,633.3851648071345,0.0,10956,0.1879998878569054,1,633.3851648071345,0.0,19.014360428099675,0.0,148.7316026970757,0.0,1226.6764041901824,10956,499362,0.021939995434174006,27718,10956,2.5299379335523913,0,0.0003261916363871106,0.031197751632796335,32.44288492202759,0.0,0
122,11,1753093151.2416227,11,749,592,308,299,633.3851648071345,0.0,10956,0.1879998878569054,1,633.3851648071345,0.0,19.01436042809967,0.0,148.7316026970757,0.0,1226.6764041901824,10956,499362,0.021939995434174006,28035,10956,2.558871851040526,0,0.0003261916363871106,0.031523943269183445,32.85449242591858,0.0,0
123,11,1753093151.6468728,11,729,592,308,299,653.3851648071345,20.0,11272,0.1942258321618385,1,653.3851648071345,49.353665632558354,18.54582462685694,121.78921556851857,145.32157778470318,300.53721114101177,1207.4198185661494,11272,499362,0.02257280289649593,28036,11272,2.4872249822569197,0,0.0003261916363871106,0.03185013490557056,33.25974249839783,0.0,0
124,11,1753093152.0184693,11,729,592,308,299,653.3851648071345,0.0,11272,0.1942258321618385,1,653.3851648071345,0.0,18.54582462685694,-132.79643444277139,141.38993347300203,-685.0163234783437,1160.2153048610357,11272,499362,0.02257280289649593,28353,11272,2.515347764371895,0,0.0003261916363871106,0.03217632654195767,33.63133907318115,0.0,0
125,11,1753093152.3904033,11,729,592,308,299,653.3851648071345,0.0,11272,0.1942258321618385,1,653.3851648071345,0.0,18.54582462685694,0.0,141.38993347300203,357.0515377370507,1135.0782024139307,11272,499362,0.02257280289649593,28670,11272,2.54347054648687,0,0.0003261916363871106,0.032502518178344784,34.003273010253906,0.0,0
126,11,1753093152.7964828,11,729,607,308,299,668.3851648071345,15.0,11543,0.19758411733371783,1,668.3851648071345,36.941223029313036,18.20407832132287,90.97693059342986,138.92805969173705,224.05327223828164,1121.3335833948167,11543,499362,0.023115495372094792,28716,11543,2.4877414883479165,0,0.0003261916363871106,0.0328287098147319,34.40935254096985,0.0,0
127,11,1753093153.2278829,11,729,607,308,299,668.3851648071345,0.0,11543,0.19758411733371783,1,668.3851648071345,0.0,18.20407832132287,-85.62575752472172,136.00135687390974,-409.3459206540002,1087.3686066401726,11543,499362,0.023115495372094792,29033,11543,2.5152040197522307,0,0.0003261916363871106,0.03315490145111901,34.840752601623535,0.0,0
128,11,1753093153.646691,11,708,607,308,299,689.3851648071345,21.0,11860,0.2029509654318911,1,689.3851648071345,50.150247390866184,17.75310161075259,119.76415777928955,132.66291546737432,490.4930982897722,1052.6549593643024,11860,499362,0.023750305389677227,29033,11860,2.4479763912310286,0,0.0003261916363871106,0.033481093087506124,35.25956082344055,0.0,0
129,11,1753093154.0351267,11,708,607,308,299,689.3851648071345,0.0,11860,0.2029509654318911,1,689.3851648071345,0.0,17.75310161075259,-129.08188348470412,128.87090458407852,-640.5056280922547,1007.7294499624816,11860,499362,0.023750305389677227,29350,11860,2.4747048903878586,0,0.0003261916363871106,0.03380728472389324,35.64799642562866,0.0,0
130,11,1753093154.4225805,11,708,607,308,299,689.3851648071345,0.0,11860,0.2029509654318911,1,689.3851648071345,0.0,17.75310161075259,0.0,128.87090458407852,333.18112124511276,984.0128875611991,11860,499362,0.023750305389677227,29667,11860,2.501433389544688,0,0.0003261916363871106,0.03413347636028035,36.03545022010803,0.0,-0.5
131,11,1753093155.0120726,11,708,607,308,299,689.3851648071345,0.0,11860,0.2029509654318911,1,689.3851648071345,0.0,17.75310161075259,0.0,128.87090458407852,0.0,984.0128875611991,11860,499362,0.023750305389677227,29984,11860,2.5281618887015176,0,0.000341894454488118,0.034475370814768466,36.62494230270386,0.0,0
132,11,1753093155.4001286,11,708,607,308,299,689.3851648071345,0.0,11860,0.2029509654318911,1,689.3851648071345,0.0,17.75310161075259,0.0,128.87090458407852,0.0,984.0128875611991,11860,499362,0.023750305389677227,30301,11860,2.5548903878583475,0,0.000341894454488118,0.03481726526925658,37.01299834251404,0.0,0
133,11,1753093155.8369656,11,688,607,308,299,709.3851648071345,20.0,12176,0.2091949327341688,1,709.3851648071345,45.78782038370993,17.52428357624664,104.82622477454413,126.7754886734606,239.98821757396152,972.0210899642099,12176,499362,0.02438311285199915,30302,12176,2.4886662286465175,0,0.000341894454488118,0.0351591597237447,37.44983530044556,0.0,0
134,11,1753093156.24001,11,688,607,308,299,709.3851648071345,0.0,12176,0.2091949327341688,1,709.3851648071345,0.0,17.52428357624664,-113.60670099255357,124.32637435972143,-541.9660485385319,942.3099604473941,12176,499362,0.02438311285199915,30619,12176,2.5147010512483576,0,0.000341894454488118,0.035501054178232815,37.852879762649536,0.0,0
135,11,1753093156.6416993,11,688,607,308,299,709.3851648071345,0.0,12176,0.2091949327341688,1,709.3851648071345,0.0,17.52428357624664,0.0,124.32637435972146,282.7869140863014,926.5724784057754,12176,499362,0.02438311285199915,30936,12176,2.5407358738501973,0,0.000341894454488118,0.03584294863272093,38.2545690536499,0.0,0
136,11,1753093157.1374288,11,688,622,308,299,724.3851648071345,15.0,12447,0.21255522046130862,1,724.3851648071345,30.2609001808981,16.876290392327668,61.04813865055192,120.41863316867321,123.15810866226528,906.3288982032583,12447,499362,0.024925805327598013,30982,12447,2.4891138426930186,0,0.000341894454488118,0.03618484308720905,38.750298500061035,0.0,0
137,11,1753093157.5454698,11,688,622,308,299,724.3851648071345,0.0,12447,0.21255522046130862,1,724.3851648071345,0.0,16.876290392327668,-74.16475718727361,116.31158141206302,-331.3857660695284,861.8652642511265,12447,499362,0.024925805327598013,31299,12447,2.514581826946252,0,0.000341894454488118,0.03652673754169716,39.158339500427246,0.0,0
138,11,1753093157.9955504,11,668,622,308,299,744.3851648071345,20.0,12763,0.21762368782566555,1,744.3851648071345,44.430386317195556,16.620802246673605,98.70296141476192,114.23793067860592,384.02897596303455,831.1122996851504,12763,499362,0.025558612789919936,31300,12763,2.4524014730079133,0,0.000341894454488118,0.03686863199618528,39.6084201335907,0.0,0
139,11,1753093158.4157157,11,668,622,308,299,744.3851648071345,0.0,12763,0.21762368782566555,1,744.3851648071345,0.0,16.62080224667361,-105.75515741826298,111.84313945121174,-486.66019665600066,803.8476565074544,12763,499362,0.025558612789919936,31617,12763,2.4772388936770353,0,0.000341894454488118,0.037210526450673395,40.02858543395996,0.0,0
140,11,1753093158.8333375,11,668,622,308,299,744.3851648071345,0.0,12763,0.21762368782566555,1,744.3851648071345,0.0,16.62080224667361,0.0,111.84313945121174,253.2081512755474,789.380176831306,12763,499362,0.025558612789919936,31934,12763,2.502076314346157,0,0.000341894454488118,0.03755242090516151,40.44620728492737,0.0,-0.5
141,11,1753093159.4522476,11,668,622,308,299,744.3851648071345,0.0,12763,0.21762368782566555,1,744.3851648071345,0.0,16.62080224667361,0.0,111.84313945121171,0.0,789.3801768313061,12763,499362,0.025558612789919936,32251,12763,2.5269137350152784,0,0.0003516623635898048,0.03790408326875132,41.06511735916138,0.0,0
142,11,1753093159.870339,11,668,622,308,299,744.3851648071345,0.0,12763,0.21762368782566555,1,744.3851648071345,0.0,16.620802246673605,0.0,111.84313945121171,0.0,789.3801768313061,12763,499362,0.025558612789919936,32568,12763,2.5517511556844004,0,0.0003516623635898048,0.038255745632341125,41.483208656311035,0.0,0
143,11,1753093160.3354807,11,648,622,308,299,764.3851648071345,20.0,13079,0.22384963213059864,1,764.3851648071345,42.994910485015915,16.535907307439096,92.42811638072656,111.00032468348924,198.69692950439858,785.3019540218543,13079,499362,0.02619142025224186,32569,13079,2.4901750898386728,0,0.0003516623635898048,0.03860740799593093,41.94835042953491,0.0,0
144,11,1753093160.7671058,11,648,622,308,299,764.3851648071345,0.0,13079,0.22384963213059864,1,764.3851648071345,0.0,16.535907307439096,-99.61125458921174,109.5658735414375,-444.91969996088994,769.9341226171049,13079,499362,0.02619142025224186,32886,13079,2.5144124168514415,0,0.0003516623635898048,0.03895907035952074,42.37997555732727,0.0,0
145,11,1753093161.2518158,11,648,622,308,299,764.3851648071345,0.0,13079,0.22384963213059864,1,764.3851648071345,0.0,16.535907307439096,0.0,109.5658735414375,205.5272397794931,760.5997827841544,13079,499362,0.02619142025224186,33203,13079,2.5386497438642097,0,0.0003516623635898048,0.039310732723110545,42.86468553543091,0.0,0
146,11,1753093161.7168927,11,648,637,308,299,779.3851648071345,15.0,13350,0.22720791730247797,1,779.3851648071345,32.25350618032048,15.979249211108002,69.35257739493143,106.57853927105272,149.12425224190503,746.6806111778667,13350,499362,0.026734112727840726,33249,13350,2.490561797752809,0,0.0003516623635898048,0.03966239508670035,43.32976245880127,0.0,0
147,11,1753093162.1546173,11,648,637,308,299,779.3851648071345,0.0,13350,0.22720791730247797,1,779.3851648071345,0.0,15.979249211108002,-73.68258770909914,103.26095970804244,-326.76140818122025,714.2769940057022,13350,499362,0.026734112727840726,33566,13350,2.514307116104869,0,0.0003516623635898048,0.04001405745029016,43.76748704910278,0.0,0
148,11,1753093162.6375961,11,627,637,308,299,800.3851648071345,21.0,13667,0.23257476540065122,1,800.3851648071345,43.47673353340704,15.809036860016347,90.01077898737526,101.72106469133108,338.89775643090024,691.4727378060048,13667,499362,0.02736892274542316,33566,13667,2.4559888783200408,0,0.0003516623635898048,0.040365719813879965,44.250465869903564,0.0,0
149,11,1753093163.1401,11,627,637,308,299,800.3851648071345,0.0,13667,0.23257476540065122,1,800.3851648071345,0.0,15.809036860016347,-86.52114025942079,99.87061085348383,-351.3084287641023,671.8427830450387,13667,499362,0.02736892274542316,33883,13667,2.479183434550377,0,0.0003516623635898048,0.04071738217746977,44.75296974182129,0.0,0
150,11,1753093163.5894265,11,627,637,308,299,800.3851648071345,0.0,13667,0.23257476540065122,1,800.3851648071345,0.0,15.809036860016347,0.0,99.87061085348383,192.57486155026857,661.619809980285,13667,499362,0.02736892274542316,34200,13667,2.5023779907807127,0,0.0003516623635898048,0.04106904454105958,45.20229625701904,0.0,-0.5
151,11,1753093164.190758,11,627,637,308,299,800.3851648071345,0.0,13667,0.23257476540065122,1,800.3851648071345,0.0,15.809036860016347,0.0,99.87061085348383,0.0,661.619809980285,13667,499362,0.02736892274542316,34517,13667,2.5255725470110484,0,0.00036333699989137875,0.041432381540950955,45.803627729415894,0.0,0
152,11,1753093164.643992,11,627,637,308,299,800.3851648071345,0.0,13667,0.23257476540065122,1,800.3851648071345,0.0,15.809036860016347,0.0,99.87061085348385,0.0,661.6198099802853,13667,499362,0.02736892274542316,34834,13667,2.5487671032413846,0,0.00036333699989137875,0.04179571854084233,46.25686168670654,0.0,0
153,11,1753093165.1461396,11,627,637,308,299,800.3851648071345,0.0,13667,0.23257476540065122,1,800.3851648071345,0.0,15.236010066056053,0.0,97.68154614284109,0.0,653.2571917608769,13667,499362,0.02736892274542316,35151,13667,2.5719616594717203,0,0.00036333699989137875,0.04215905554073371,46.75900936126709,0.0,0
154,11,1753093165.5986142,11,627,637,308,299,800.3851648071345,0.0,13667,0.23257476540065122,1,800.3851648071345,0.0,15.236010066056055,0.0,95.19505626642352,0.0,632.9689272854663,13667,499362,0.02736892274542316,35468,13667,2.595156215702056,0,0.00036333699989137875,0.042522392540625085,47.2114839553833,0.0,0
155,11,1753093166.0778663,11,627,622,308,299,815.3851648071345,15.0,13938,0.23450923378230623,1,815.3851648071345,31.299950797317283,15.549009574029228,65.31246132763219,95.84818087969987,136.28512173377172,625.4755502125378,13938,499362,0.027911615221022024,35514,13938,2.5479982780886785,0,0.00036333699989137875,0.04288572954051646,47.690736055374146,0.0,0
156,11,1753093166.574692,11,607,622,308,299,835.3851648071345,20.0,14254,0.23957770114666313,1,835.3851648071345,40.25738286468971,15.18478620345859,18.030138611033042,93.0885925421709,-95.1731284166974,615.1557854662296,14254,499362,0.028544422683343947,35515,14254,2.4915813105093307,0,0.00036333699989137875,0.04324906654040784,48.18756175041199,0.0,0
157,11,1753093167.0941865,11,607,622,308,299,835.3851648071345,0.0,14254,0.23957770114666313,1,835.3851648071345,0.0,15.18478620345859,-77.48704140565607,90.59770823976467,-183.8505922697849,590.5647313701444,14254,499362,0.028544422683343947,35832,14254,2.513820681913849,0,0.00036333699989137875,0.043612403540299216,48.707056283950806,0.0,0
158,11,1753093167.559635,11,607,622,308,299,835.3851648071345,0.0,14254,0.23957770114666313,1,835.3851648071345,0.0,14.623042038799388,0.0,88.49399819624023,166.48534907730345,572.1211482191437,14254,499362,0.028544422683343947,36149,14254,2.5360600533183666,0,0.00036333699989137875,0.04397574054019059,49.17250466346741,0.0,0
159,11,1753093168.0234802,11,607,622,308,299,835.3851648071345,0.0,14254,0.23957770114666313,1,835.3851648071345,0.0,14.623042038799388,0.0,86.14677307708533,0.0,553.5230968732807,14254,499362,0.028544422683343947,36466,14254,2.5582994247228847,0,0.00036333699989137875,0.04433907754008197,49.63634991645813,0.0,0
160,11,1753093168.4942272,11,607,622,308,299,835.3851648071345,0.0,14254,0.23957770114666313,1,835.3851648071345,0.0,14.623042038799385,0.0,86.14677307708531,0.0,543.722547059415,14254,499362,0.028544422683343947,36783,14254,2.580538796127403,0,0.00036333699989137875,0.04470241453997335,50.107096910476685,0.0,-0.5
161,11,1753093169.1876328,11,607,622,308,299,835.3851648071345,0.0,14254,0.23957770114666313,1,835.3851648071345,0.0,14.623042038799388,0.0,86.14677307708531,0.0,543.722547059415,14254,499362,0.028544422683343947,37100,14254,2.602778167531921,0,0.0005135799090732524,0.0452159944490466,50.80050253868103,0.0,0
162,11,1753093169.6677673,11,607,622,308,299,835.3851648071345,0.0,14254,0.23957770114666313,1,835.3851648071345,0.0,14.623042038799385,0.0,86.14677307708531,0.0,543.722547059415,14254,499362,0.028544422683343947,37417,14254,2.6250175389364387,0,0.0005135799090732524,0.045729574358119855,51.28063702583313,0.0,0
163,11,1753093170.196128,11,587,622,308,299,855.3851648071345,20.0,14570,0.24580364545159625,1,855.3851648071345,37.84680464018364,14.268054867930427,71.61903107361131,84.17318060911266,135.52757387811045,535.2136467363507,14570,499362,0.02917723014566587,37418,14570,2.5681537405628,0,0.0005135799090732524,0.04624315426719311,51.808997631073,0.0,0
164,11,1753093170.689839,11,587,622,308,299,855.3851648071345,0.0,14570,0.24580364545159625,1,855.3851648071345,0.0,14.268054867930427,-76.6721410487705,82.44891495446784,-300.41642282220397,520.6226935469641,14570,499362,0.02917723014566587,37735,14570,2.589910775566232,0,0.0005135799090732524,0.046756734176266364,52.30270862579346,0.0,0
165,11,1753093171.2691221,11,587,607,308,299,870.3851648071345,15.0,14841,0.24916193062347555,1,870.3851648071345,25.8917350402834,14.526972218333263,44.69212955974928,82.89583625006533,209.4887691968699,512.2989942244927,14841,499362,0.029719922621264733,37781,14841,2.545717943534802,0,0.0005135799090732524,0.04727031408533962,52.88199186325073,0.0,0
166,11,1753093171.7687838,11,587,607,308,299,870.3851648071345,0.0,14841,0.24916193062347555,1,870.3851648071345,0.0,13.969215565588074,-51.81373580587531,81.34002371691399,-193.12453970319612,506.51851062630755,14841,499362,0.029719922621264733,38098,14841,2.5670776901826025,0,0.0005135799090732524,0.04778389399441287,53.38165354728699,0.0,0
167,11,1753093172.2671673,11,587,607,308,299,870.3851648071345,0.0,14841,0.24916193062347555,1,870.3851648071345,0.0,13.969215565588076,0.0,79.06532873085179,103.97556868231037,489.82321886939246,14841,499362,0.029719922621264733,38415,14841,2.5884374368304024,0,0.0005135799090732524,0.04829747390348613,53.88003706932068,0.0,0
168,11,1753093172.812738,11,567,607,308,299,890.3851648071345,20.0,15157,0.2542303979878325,1,890.3851648071345,36.6574883924182,13.591926967121426,67.18857276201376,76.97055005629885,123.14821630633325,472.3042852798737,15157,499362,0.030352730083586656,38416,15157,2.5345384970640628,0,0.0005135799090732524,0.04881105381255938,54.425607681274414,0.0,0
169,11,1753093173.380338,11,567,607,308,299,890.3851648071345,0.0,15157,0.2542303979878325,1,890.3851648071345,0.0,13.591926967121426,-64.58030046827712,74.60879792262804,-232.14011103222612,451.27962348994964,15157,499362,0.030352730083586656,38733,15157,2.5554529260407732,0,0.0005135799090732524,0.049324633721632635,54.993207693099976,0.0,0
170,11,1753093173.8908217,11,567,607,308,299,890.3851648071345,0.0,15157,0.2542303979878325,1,890.3851648071345,0.0,13.591926967121426,0.0,74.60879792262803,126.51082262585446,440.42907801971995,15157,499362,0.030352730083586656,39050,15157,2.5763673550174837,0,0.0005135799090732524,0.04983821363070589,55.50369143486023,0.0,-0.5
171,11,1753093174.5660992,11,567,607,308,299,890.3851648071345,0.0,15157,0.2542303979878325,1,890.3851648071345,0.0,13.591926967121426,0.0,74.60879792262804,0.0,440.4290780197199,15157,499362,0.030352730083586656,39367,15157,2.597281783994194,0,0.0005312977272379529,0.05036951135794384,56.17896890640259,0.0,0
172,11,1753093175.0792103,11,567,607,308,299,890.3851648071345,0.0,15157,0.2542303979878325,1,890.3851648071345,0.0,13.591926967121426,0.0,74.60879792262803,0.0,440.4290780197199,15157,499362,0.030352730083586656,39684,15157,2.6181962129709047,0,0.0005312977272379529,0.05090080908518179,56.69208002090454,0.0,0
173,11,1753093175.6969066,11,546,607,308,299,911.3851648071345,21.0,15474,0.2607727460239265,1,911.3851648071345,33.997802195257236,13.363850137967663,55.040502576563696,73.14241348673468,89.10743425359803,434.1598583787839,15474,499362,0.03098754010116909,39684,15474,2.5645599069406746,0,0.0005312977272379529,0.05143210681241974,57.309776306152344,0.0,0
174,11,1753093176.2248404,11,546,607,308,299,911.3851648071345,0.0,15474,0.2607727460239265,1,911.3851648071345,0.0,13.363850137967665,-64.39738130332647,71.54326962271256,-226.23482853690746,419.60081523187387,15474,499362,0.03098754010116909,40001,15474,2.585045883417345,0,0.0005312977272379529,0.05196340453965769,57.83771014213562,0.0,0
175,11,1753093176.787956,11,546,592,308,299,926.3851648071345,15.0,15745,0.26413303375106634,1,926.3851648071345,26.637661339661665,13.63022675136428,47.30433344310038,72.01631295714355,198.36482989832066,412.79284309276335,15745,499362,0.03153023257676796,40047,15745,2.543474118767863,0,0.0005312977272379529,0.05249470226689564,58.40082573890686,0.0,0
176,11,1753093177.3224027,11,546,592,308,299,926.3851648071345,0.0,15745,0.26413303375106634,1,926.3851648071345,0.0,12.874565675203963,-49.84492373907621,69.79560189918303,-181.78762969493474,404.8261308419148,15745,499362,0.03153023257676796,40364,15745,2.5636074944426803,0,0.0005312977272379529,0.05302599999413359,58.935272455215454,0.0,0
177,11,1753093177.9085574,11,546,592,308,299,926.3851648071345,0.0,15745,0.26413303375106634,1,926.3851648071345,0.0,12.874565675203964,0.0,66.8865748192646,85.03472654287262,384.00995325640474,15745,499362,0.03153023257676796,40681,15745,2.5837408701174978,0,0.0005312977272379529,0.05355729772137154,59.521427154541016,0.0,0
178,11,1753093178.484492,11,526,592,308,299,946.3851648071345,20.0,16061,0.2692015011154233,1,946.3851648071345,34.729138152169504,12.69959369768089,60.30565183962377,65.67123789632265,104.71816570474644,368.5974114397946,16061,499362,0.03216304003908988,40682,16061,2.532968059274018,0,0.0005312977272379529,0.05408859544860949,60.09736180305481,0.0,0
179,11,1753093179.0341513,11,526,592,308,299,946.3851648071345,0.0,16061,0.2692015011154233,1,946.3851648071345,0.0,12.69959369768089,-63.17357837584767,64.31423384866093,-224.61325684579714,356.3462650934385,16061,499362,0.03216304003908988,40999,16061,2.5527053110018056,0,0.0005312977272379529,0.05461989317584744,60.64702105522156,0.0,0
180,11,1753093179.6349182,11,526,592,308,299,946.3851648071345,0.0,16061,0.2692015011154233,1,946.3851648071345,0.0,12.69959369768089,0.0,64.31423384866093,105.16136107963322,349.82552481797654,16061,499362,0.03216304003908988,41316,16061,2.5724425627295933,0,0.0005312977272379529,0.055151190903085394,61.247787952423096,0.0,-0.5
181,11,1753093180.3520498,11,526,592,308,299,946.3851648071345,0.0,16061,0.2692015011154233,1,946.3851648071345,0.0,12.69959369768089,0.0,64.31423384866093,0.0,349.82552481797654,16061,499362,0.03216304003908988,41633,16061,2.5921798144573813,0,0.0005453416364285989,0.055696532539513996,61.964919567108154,0.0,0
182,11,1753093180.8995614,11,526,592,308,299,946.3851648071345,0.0,16061,0.2692015011154233,1,946.3851648071345,0.0,12.69959369768089,0.0,64.31423384866095,0.0,349.82552481797654,16061,499362,0.03216304003908988,41950,16061,2.611917066185169,0,0.0005453416364285989,0.0562418741759426,62.512431144714355,0.0,0
183,11,1753093181.4798539,11,506,592,308,299,966.3851648071345,20.0,16377,0.27542744542035635,1,966.3851648071345,34.46593181926501,12.54151127023715,59.395022808511214,63.2231889913759,102.35524032609189,345.20162808385254,16377,499362,0.032795847501411804,41951,16377,2.5615802650058006,0,0.0005453416364285989,0.0567872158123712,63.09272360801697,0.0,0
184,11,1753093182.0764537,11,506,592,308,299,966.3851648071345,0.0,16377,0.27542744542035635,1,966.3851648071345,0.0,12.54151127023715,-57.77041935463742,61.951253863033905,-196.38803799446956,334.1612197909137,16377,499362,0.032795847501411804,42268,16377,2.580936679489528,0,0.0005453416364285989,0.0573325574487998,63.68932342529297,0.0,0
185,11,1753093182.658106,11,506,577,308,299,981.3851648071345,15.0,16648,0.2787857305922357,1,981.3851648071345,25.78849230438791,12.79939619328103,44.336422355564956,62.394618086589546,175.54543344459387,329.1284436124646,16648,499362,0.03333853997701067,42314,16648,2.5416866890917826,0,0.0005453416364285989,0.057877899085228404,64.27097582817078,0.0,0
186,11,1753093183.2094214,11,506,577,308,299,981.3851648071345,0.0,16648,0.2787857305922357,1,981.3851648071345,0.0,12.137423708759869,-46.77749729223333,60.67135520819628,-165.27065945939214,323.52911635648206,16648,499362,0.03333853997701067,42631,16648,2.5607280153772223,0,0.0005453416364285989,0.058423240721657006,64.82229113578796,0.0,0
187,11,1753093183.8152244,11,506,577,308,299,981.3851648071345,0.0,16648,0.2787857305922357,1,981.3851648071345,0.0,12.137423708759865,0.0,58.662679683301164,77.21368381228224,311.557730363031,16648,499362,0.03333853997701067,42948,16648,2.5797693416626624,0,0.0005453416364285989,0.05896858235808561,65.42809414863586,0.0,0
188,11,1753093184.4064124,11,486,577,308,299,1001.3851648071345,20.0,16964,0.2838541979565926,1,1001.3851648071345,33.82997034244515,11.991209185086756,57.223344668535916,57.669886221586864,96.79320265160433,300.9822645739171,16964,499362,0.03397134743933259,42949,16964,2.5317731667059657,0,0.0005453416364285989,0.05951392399451421,66.01928210258484,0.0,0
189,11,1753093184.9687755,11,486,577,308,299,1001.3851648071345,0.0,16964,0.2838541979565926,1,1001.3851648071345,0.0,11.991209185086756,-60.15693274233368,56.57183269035172,-208.7272729477593,291.6175033706763,16964,499362,0.03397134743933259,43266,16964,2.5504597972176373,0,0.0005453416364285989,0.06005926563094281,66.58164525032043,0.0,0
190,11,1753093185.530401,11,486,577,308,299,1001.3851648071345,0.0,16964,0.2838541979565926,1,1001.3851648071345,0.0,11.991209185086756,0.0,56.57183269035172,107.11195828420689,286.7205074256585,16964,499362,0.03397134743933259,43583,16964,2.5691464277293092,0,0.0005453416364285989,0.060604607267371415,67.14327073097229,0.0,-0.5
191,11,1753093186.3143158,11,486,577,308,299,1001.3851648071345,0.0,16964,0.2838541979565926,1,1001.3851648071345,0.0,11.991209185086756,0.0,56.57183269035172,0.0,286.7205074256585,16964,499362,0.03397134743933259,43900,16964,2.5878330582409808,0,0.0005643000908590197,0.06116890735823043,67.92718553543091,0.0,0
192,11,1753093186.8722394,11,486,577,308,299,1001.3851648071345,0.0,16964,0.2838541979565926,1,1001.3851648071345,0.0,11.99120918508676,0.0,56.57183269035172,0.0,286.7205074256585,16964,499362,0.03397134743933259,44217,16964,2.6065196887526527,0,0.0005643000908590197,0.06173320744908945,68.48510909080505,0.0,0
193,11,1753093187.4675734,11,486,562,308,299,1016.3851648071345,15.0,17235,0.28734264922040526,1,1016.3851648071345,25.197694043426125,11.774010959352875,42.328252340407495,55.52761297009643,71.10495679110159,282.8414529334295,17235,499362,0.03451403991493145,44263,17235,2.5682042355671597,0,0.0005643000908590197,0.06229750753994847,69.0804431438446,0.0,0
194,11,1753093188.086225,11,486,562,308,299,1016.3851648071345,0.0,17235,0.28734264922040526,1,1016.3851648071345,0.0,11.774010959352875,-40.73046087329716,54.559754912505824,-134.25909779310976,275.85213093096286,17235,499362,0.03451403991493145,44580,17235,2.586597040905135,0,0.0005643000908590197,0.0628618076308075,69.69909477233887,0.0,0
195,11,1753093188.6517315,11,486,562,308,299,1016.3851648071345,0.0,17235,0.28734264922040526,1,1016.3851648071345,0.0,11.774010959352871,0.0,54.559754912505824,72.02660163826631,271.881554678562,17235,499362,0.03451403991493145,44897,17235,2.60498984624311,0,0.0005643000908590197,0.06342610772166651,70.26460123062134,0.0,0
196,11,1753093189.259418,11,466,562,308,299,1036.3851648071345,20.0,17551,0.29241111658476215,1,1036.3851648071345,32.90803913215064,11.489007837563097,54.1469519761579,53.21573162689191,89.09350072590429,266.98323945646587,17551,499362,0.035146847377253376,44898,17551,2.5581448350521336,0,0.0005643000908590197,0.06399040781252553,70.87228775024414,0.0,0
197,11,1753093189.8970993,11,466,562,308,299,1036.3851648071345,0.0,17551,0.29241111658476215,1,1036.3851648071345,0.0,11.489007837563097,-51.61012328882845,51.678387505547654,-165.86025290578138,255.4703529424843,17551,499362,0.035146847377253376,45215,17551,2.5762064839610277,0,0.0005643000908590197,0.06455470790338455,71.50996899604797,0.0,0
198,11,1753093190.5122552,11,466,546,308,299,1052.3851648071345,16.0,17835,0.2961759204745255,1,1052.3851648071345,26.00813315335447,11.267203009897027,42.276436882663496,50.6498126841983,152.6133848906618,246.44081702309597,17835,499362,0.035715573071238904,45248,17835,2.5370339220633586,0,0.0005643000908590197,0.06511900799424357,72.12512493133545,0.0,0
199,11,1753093191.0982468,11,466,546,308,299,1052.3851648071345,0.0,17835,0.2961759204745255,1,1052.3851648071345,0.0,11.267203009897027,-44.383060226967395,49.51371124254989,-147.88503491491002,237.9812151774218,17835,499362,0.035715573071238904,45565,17835,2.554807961872722,0,0.0005643000908590197,0.06568330808510259,72.7111165523529,0.0,0
200,11,1753093191.7405357,11,466,546,308,299,1052.3851648071345,0.0,17835,0.2961759204745255,1,1052.3851648071345,0.0,11.267203009897027,0.0,49.51371124254989,69.10437002441877,234.2201556159193,17835,499362,0.035715573071238904,45882,17835,2.5725820016820857,0,0.0005643000908590197,0.0662476081759616,73.35340547561646,0.0,-0.5
201,11,1753093192.50165,11,466,546,308,299,1052.3851648071345,0.0,17835,0.2961759204745255,1,1052.3851648071345,0.0,11.267203009897027,0.0,49.51371124254989,0.0,234.2201556159193,17835,499362,0.035715573071238904,46199,17835,2.5903560414914493,0,0.0005854559999120697,0.06683306417587367,74.11451983451843,0.0,0
202,11,1753093193.0887866,11,466,546,308,299,1052.3851648071345,0.0,17835,0.2961759204745255,1,1052.3851648071345,0.0,11.267203009897026,0.0,49.51371124254989,0.0,234.2201556159193,17835,499362,0.035715573071238904,46516,17835,2.608130081300813,0,0.0005854559999120697,0.06741852017578574,74.70165634155273,0.0,0
203,11,1753093193.7738898,11,445,546,308,299,1073.3851648071345,21.0,18152,0.301500714912228,1,1073.3851648071345,30.652103964746058,10.98677851299494,44.740546545981,48.23859139363253,65.30437543652236,229.81805664594813,18152,499362,0.03635038308882134,46516,18152,2.5625826355222565,0,0.0005854559999120697,0.06800397617569781,75.38675951957703,0.0,0
204,11,1753093194.372627,11,445,546,308,299,1073.3851648071345,0.0,18152,0.301500714912228,1,1073.3851648071345,0.0,10.986778512994942,-51.19566454715682,46.89826825780282,-160.23428886638249,220.1390475377235,18152,499362,0.03635038308882134,46833,18152,2.580046275892464,0,0.0005854559999120697,0.06858943217560988,75.98549675941467,0.0,0
205,11,1753093194.9732692,11,445,546,308,299,1073.3851648071345,0.0,18152,0.301500714912228,1,1073.3851648071345,0.0,10.986778512994942,0.0,46.89826825780282,85.22919366050526,215.11978878535044,18152,499362,0.03635038308882134,47150,18152,2.5975099162626707,0,0.0005854559999120697,0.06917488817552195,76.58613896369934,0.0,0
206,11,1753093195.611187,11,445,531,308,299,1088.3851648071345,15.0,18423,0.3049731457339565,1,1088.3851648071345,23.514855407763115,10.789520729421447,36.86322832320041,46.020398935429085,57.788898925561035,212.10437648023122,18423,499362,0.0368930755644202,47196,18423,2.561797752808989,0,0.0005854559999120697,0.06976034417543402,77.22405672073364,0.0,0
207,11,1753093196.2761552,11,445,531,308,299,1088.3851648071345,0.0,18423,0.3049731457339565,1,1088.3851648071345,0.0,10.789520729421447,-35.36184055700791,45.20966979159425,-108.61267593070836,206.69877066949826,18423,499362,0.0368930755644202,47513,18423,2.5790045052380175,0,0.0005854559999120697,0.07034580017534608,77.88902497291565,0.0,0
208,11,1753093196.9312174,11,425,531,308,299,1108.3851648071345,20.0,18739,0.31004161309831346,1,1108.3851648071345,30.532307559037406,10.507583301975522,46.61109024398264,44.03351927295576,125.14113673657671,200.10156015194892,18739,499362,0.037525883026742125,47514,18739,2.5355675329526655,0,0.0005854559999120697,0.07093125617525815,78.54408717155457,0.0,0
209,11,1753093197.5548615,11,425,531,308,299,1108.3851648071345,0.0,18739,0.31004161309831346,1,1108.3851648071345,0.0,10.507583301975519,-48.959699121138904,42.72813209454145,-153.25134148601546,191.12800106486168,18739,499362,0.037525883026742125,47831,18739,2.5524841240194247,0,0.0005854559999120697,0.07151671217517022,79.16773128509521,0.0,0
210,11,1753093198.2281818,11,425,531,308,299,1108.3851648071345,0.0,18739,0.31004161309831346,1,1108.3851648071345,0.0,10.507583301975522,0.0,42.72813209454145,72.70837456302411,186.4232959069506,18739,499362,0.037525883026742125,48148,18739,2.569400715086184,0,0.0005854559999120697,0.07210216817508229,79.84105157852173,0.0,-0.5
211,11,1753093199.0250328,11,425,531,308,299,1108.3851648071345,0.0,18739,0.31004161309831346,1,1108.3851648071345,0.0,10.507583301975522,0.0,42.72813209454145,0.0,186.4232959069506,18739,499362,0.037525883026742125,48465,18739,2.586317306152943,0,0.0005971079090985851,0.07269927608418088,80.63790249824524,0.0,0
212,11,1753093199.7048588,11,425,531,308,299,1108.3851648071345,0.0,18739,0.31004161309831346,1,1108.3851648071345,0.0,10.507583301975522,0.0,42.72813209454146,0.0,186.4232959069506,18739,499362,0.037525883026742125,48782,18739,2.6032338972197024,0,0.0005971079090985851,0.07329638399327947,81.3177285194397,0.0,0
213,11,1753093200.3630393,11,425,516,308,299,1123.3851648071345,15.0,19010,0.31353006436212605,1,1123.3851648071345,22.790398949783253,10.20197350430881,34.62681895268544,41.65121547859504,52.61060121957447,183.15295834213103,19010,499362,0.03806857550234099,48828,19010,2.5685428721725407,0,0.0005971079090985851,0.07389349190237805,81.97590899467468,0.0,0
214,11,1753093200.992378,11,425,516,308,299,1123.3851648071345,0.0,19010,0.31353006436212605,1,1123.3851648071345,0.0,10.20197350430881,-36.21299952595024,40.455750366097334,-112.56153605023364,175.5761777723913,19010,499362,0.03806857550234099,49145,19010,2.5852183061546556,0,0.0005971079090985851,0.07449059981147664,82.60524773597717,0.0,0
215,11,1753093201.674261,11,425,516,308,299,1123.3851648071345,0.0,19010,0.31353006436212605,1,1123.3851648071345,0.0,10.20197350430881,0.0,40.455750366097334,53.10520770440999,171.56725882031492,19010,499362,0.03806857550234099,49462,19010,2.60189374013677,0,0.0005971079090985851,0.07508770772057523,83.28713083267212,0.0,0
216,11,1753093202.3438675,11,405,516,308,299,1143.3851648071345,20.0,19326,0.318598531726483,1,1143.3851648071345,29.868652258733224,10.100318701952125,44.606819387656465,39.83333071692101,66.6172788329015,169.38169935014815,19326,499362,0.03870138296466291,49463,19326,2.55940184207803,0,0.0005971079090985851,0.07568481562967382,83.95673727989197,0.0,0
217,11,1753093202.98671,11,405,516,308,299,1143.3851648071345,0.0,19326,0.318598531726483,1,1143.3851648071345,0.0,10.100318701952125,-46.46585116969803,39.298110572335865,-141.67928030658484,165.63261147291377,19326,499362,0.03870138296466291,49780,19326,2.575804615543827,0,0.0005971079090985851,0.0762819235387724,84.59957981109619,0.0,0
218,11,1753093203.6594636,11,405,501,308,299,1158.3851648071345,15.0,19597,0.32208698299029564,1,1158.3851648071345,22.294821711052272,9.808187572014099,33.13727167517385,38.30294962030781,118.31582876462737,160.82433505376713,19597,499362,0.039244075440261775,49826,19597,2.5425320202071746,0,0.0005971079090985851,0.07687903144787099,85.27233338356018,0.0,0
219,11,1753093204.3615227,11,405,501,308,299,1158.3851648071345,0.0,19597,0.32208698299029564,1,1158.3851648071345,0.0,9.808187572014099,-31.757100637834483,37.18880553989909,-92.4365818701152,154.0818697733668,19597,499362,0.039244075440261775,50143,19597,2.558707965504924,0,0.0005971079090985851,0.07747613935696958,85.97439241409302,0.0,0
220,11,1753093205.0116324,11,405,501,308,299,1158.3851648071345,0.0,19597,0.32208698299029564,1,1158.3851648071345,0.0,9.808187572014099,0.0,37.18880553989909,48.8501005922835,150.58124905966233,19597,499362,0.039244075440261775,50460,19597,2.574883910802674,0,0.0005971079090985851,0.07807324726606817,86.62450218200684,0.0,-0.5
221,11,1753093205.8920918,11,405,501,308,299,1158.3851648071345,0.0,19597,0.32208698299029564,1,1158.3851648071345,0.0,9.808187572014099,0.0,37.1888055398991,0.0,150.5812490596623,19597,499362,0.039244075440261775,50777,19597,2.5910598561004234,0,0.0006479685454740485,0.07872121581154222,87.5049614906311,0.0,0
222,11,1753093206.539327,11,405,501,308,299,1158.3851648071345,0.0,19597,0.32208698299029564,1,1158.3851648071345,0.0,9.808187572014099,0.0,37.18880553989909,0.0,150.5812490596623,19597,499362,0.039244075440261775,51094,19597,2.6072358013981733,0,0.0006479685454740485,0.07936918435701627,88.1521966457367,0.0,0
223,11,1753093207.2249897,11,405,486,308,299,1173.3851648071345,15.0,19868,0.32650862500550704,1,1173.3851648071345,21.881970438004185,9.533470620068556,31.92137534997927,36.290127137713704,46.56683944991213,148.04154534275128,19868,499362,0.03978676791586064,51140,19868,2.573988322931347,0,0.0006479685454740485,0.08001715290249033,88.83785939216614,0.0,0
224,11,1753093207.9394374,11,405,486,308,299,1173.3851648071345,0.0,19868,0.32650862500550704,1,1173.3851648071345,0.0,9.533470620068556,-30.620413179041616,35.26836692507641,-87.5175026463263,142.06655713443112,19868,499362,0.03978676791586064,51457,19868,2.5899436279444332,0,0.0006479685454740485,0.08066512144796438,89.55230712890625,0.0,0
225,11,1753093208.5990748,11,405,486,308,299,1173.3851648071345,0.0,19868,0.32650862500550704,1,1173.3851648071345,0.0,9.533470620068556,0.0,35.26836692507641,46.42590420901707,138.9603007991508,19868,499362,0.03978676791586064,51774,19868,2.6058989329575195,0,0.0006479685454740485,0.08131308999343843,90.21194458007812,0.0,0
226,11,1753093209.297937,11,385,486,308,299,1193.3851648071345,20.0,20184,0.33122264008875324,1,1193.3851648071345,28.613801372257743,9.450196403498003,40.937481448550955,34.76797243362761,58.568848142466166,137.30545655819265,20184,499362,0.04041957537818256,51775,20184,2.5651506143479983,0,0.0006479685454740485,0.08196105853891249,90.91080665588379,0.0,0
227,11,1753093209.969291,11,385,486,308,299,1193.3851648071345,0.0,20184,0.33122264008875324,1,1193.3851648071345,0.0,9.450196403498005,-42.623951510960495,34.33795437349,-124.47554312394944,134.45675278289212,20184,499362,0.04041957537818256,52092,20184,2.580856123662307,0,0.0006479685454740485,0.08260902708438654,91.58216071128845,0.0,0
228,11,1753093210.7321107,11,385,470,308,299,1209.3851648071345,16.0,20468,0.3349874439785166,1,1209.3851648071345,20.974685866648,9.158440788255822,27.496090450285205,33.415273700199954,91.92161581833155,130.47103795817773,20468,499362,0.04098830107216809,52125,20468,2.5466581981629863,0,0.0006479685454740485,0.0832569956298606,92.34498047828674,0.0,0
229,11,1753093211.429114,11,385,470,308,299,1209.3851648071345,0.0,20468,0.3349874439785166,1,1209.3851648071345,0.0,9.158440788255822,-30.0916006581133,32.42537087193405,-82.61891570982792,124.89217083435345,20468,499362,0.04098830107216809,52442,20468,2.5621457885479773,0,0.0006479685454740485,0.08390496417533465,93.04198384284973,0.0,0
230,11,1753093212.127844,11,385,470,308,299,1209.3851648071345,0.0,20468,0.3349874439785166,1,1209.3851648071345,0.0,9.158440788255822,0.0,32.42537087193405,43.06622388207762,121.99102186072312,20468,499362,0.04098830107216809,52759,20468,2.5776333789329686,0,0.0006479685454740485,0.0845529327208087,93.74071383476257,0.0,-0.5
231,11,1753093213.0673,11,385,470,308,299,1209.3851648071345,0.0,20468,0.3349874439785166,1,1209.3851648071345,0.0,9.158440788255822,0.0,32.42537087193405,0.0,121.99102186072308,20468,499362,0.04098830107216809,53076,20468,2.5931209693179595,0,0.00066733290920886,0.08522026563001756,94.68016982078552,0.0,0
232,11,1753093213.7639246,11,385,470,308,299,1209.3851648071345,0.0,20468,0.3349874439785166,1,1209.3851648071345,0.0,9.158440788255822,0.0,32.42537087193405,0.0,121.99102186072311,20468,499362,0.04098830107216809,53393,20468,2.608608559702951,0,0.00066733290920886,0.08588759853922641,95.37679433822632,0.0,0
233,11,1753093214.5589705,11,385,455,308,299,1224.3851648071345,15.0,20739,0.3394411268778962,1,1224.3851648071345,18.867334257788695,8.88923592699661,23.731753466341793,31.61442615885203,29.85032834486041,119.88964296843207,20739,499362,0.04153099354776695,53439,20739,2.5767394763489078,0,0.00066733290920886,0.08655493144843526,96.17184019088745,0.0,0
234,11,1753093215.2655976,11,385,455,308,299,1224.3851648071345,0.0,20739,0.3394411268778962,1,1224.3851648071345,0.0,8.88923592699661,-26.69968691532966,30.74535601807979,-71.3669271176391,115.18365175422318,20739,499362,0.04153099354776695,53756,20739,2.5920246877862962,0,0.00066733290920886,0.08722226435764412,96.87846732139587,0.0,0
235,11,1753093215.9717927,11,385,455,308,299,1224.3851648071345,0.0,20739,0.3394411268778962,1,1224.3851648071345,0.0,8.88923592699661,0.0,30.74535601807979,37.80754925704844,112.73385810593061,20739,499362,0.04153099354776695,54073,20739,2.6073098992236847,0,0.00066733290920886,0.08788959726685297,97.58466243743896,0.0,0
236,11,1753093216.7773857,11,364,455,308,299,1245.3851648071345,21.0,21056,0.34441947925553007,1,1245.3851648071345,26.068108259126756,8.847308007778897,32.359346105216794,30.458468092626436,40.16890178406396,111.9039660371486,21056,499362,0.04216580356534939,54073,21056,2.568056610942249,0,0.00066733290920886,0.08855693017606182,98.39025545120239,0.0,0
237,11,1753093217.479365,11,364,455,308,299,1245.3851648071345,0.0,21056,0.34441947925553007,1,1245.3851648071345,0.0,8.847308007778897,-37.13526065011191,30.088173127254823,-98.99837418131885,109.5800921182665,21056,499362,0.04216580356534939,54390,21056,2.5831117021276597,0,0.00066733290920886,0.08922426308527068,99.09223484992981,0.0,0
238,11,1753093218.2085798,11,364,440,308,299,1260.3851648071345,15.0,21327,0.34789191007725856,1,1260.3851648071345,20.570128231116808,8.608705426918108,28.208678362972577,29.38323029673693,89.6088803083616,106.63589116171981,21327,499362,0.04270849604094825,54436,21327,2.552445257185727,0,0.00066733290920886,0.08989159599447953,99.82144951820374,0.0,0
239,11,1753093218.9696314,11,364,440,308,299,1260.3851648071345,0.0,21327,0.34789191007725856,1,1260.3851648071345,0.0,8.608705426918108,-27.028074629671877,28.595959468851014,-72.57820979100866,102.49507129306987,21327,499362,0.04270849604094825,54753,21327,2.5673090448726965,0,0.00066733290920886,0.09055892890368838,100.58250117301941,0.0,0
240,11,1753093219.6730902,11,364,440,308,299,1260.3851648071345,0.0,21327,0.34789191007725856,1,1260.3851648071345,0.0,8.608705426918108,0.0,28.59595946885101,38.422379078136196,100.34721357109578,21327,499362,0.04270849604094825,55070,21327,2.582172832559666,0,0.00066733290920886,0.09122626181289724,101.28595995903015,0.0,-0.5
241,11,1753093220.623372,11,364,440,308,299,1260.3851648071345,0.0,21327,0.34789191007725856,1,1260.3851648071345,0.0,8.608705426918108,0.0,28.595959468851014,0.0,100.34721357109576,21327,499362,0.04270849604094825,55387,21327,2.5970366202466355,0,0.0006820843636060916,0.09190834617650333,102.23624181747437,0.0,0
242,11,1753093221.3290603,11,364,440,308,299,1260.3851648071345,0.0,21327,0.34789191007725856,1,1260.3851648071345,0.0,8.608705426918108,0.0,28.59595946885101,0.0,100.34721357109578,21327,499362,0.04270849604094825,55704,21327,2.6119004079336055,0,0.0006820843636060916,0.09259043054010942,102.94193005561829,0.0,0
243,11,1753093222.077878,11,364,425,308,299,1275.3851648071345,15.0,21598,0.35223144732678896,1,1275.3851648071345,20.032445688496555,8.379080778952915,26.753258684170948,27.93921089188546,35.72888010539689,98.71753307710574,21598,499362,0.043251188516547114,55750,21598,2.5812575238448003,0,0.0006820843636060916,0.0932725149037155,103.69074773788452,0.0,0
244,11,1753093222.8481057,11,364,425,308,299,1275.3851648071345,0.0,21598,0.35223144732678896,1,1275.3851648071345,0.0,8.379080778952915,-26.007128741266342,27.203169633406006,-68.49618910986887,94.95329796859552,21598,499362,0.043251188516547114,56067,21598,2.5959348087785905,0,0.0006820843636060916,0.0939545992673216,104.46097540855408,0.0,0
245,11,1753093223.5632596,11,364,425,308,299,1275.3851648071345,0.0,21598,0.35223144732678896,1,1275.3851648071345,0.0,8.379080778952915,0.0,27.203169633406006,36.36730507590512,93.26169862155963,21598,499362,0.043251188516547114,56384,21598,2.6106120937123807,0,0.0006820843636060916,0.09463668363092768,105.17612934112549,0.0,0
246,11,1753093224.3232546,11,344,425,308,299,1295.3851648071345,20.0,21914,0.3569454624100352,1,1295.3851648071345,26.31978606840452,8.319743577833755,34.636556934329036,26.85600942879998,45.58133843288267,92.22626948346942,21914,499362,0.043883995978869036,56385,21914,2.5730126859541844,0,0.0006820843636060916,0.09531876799453377,105.93612432479858,0.0,0
247,11,1753093225.1091099,11,344,425,308,299,1295.3851648071345,0.0,21914,0.3569454624100352,1,1295.3851648071345,0.0,8.319743577833755,-33.48568155633506,26.45404036727234,-86.66938169917154,89.82534921864894,21914,499362,0.043883995978869036,56702,21914,2.5874783243588575,0,0.0006820843636060916,0.09600085235813986,106.72197961807251,0.0,0
248,11,1753093225.8734555,11,344,410,308,299,1310.3851648071345,15.0,22185,0.3604339136738478,1,1310.3851648071345,19.62451304884063,8.081221372988091,25.674767493607742,25.810680252334663,77.39966695705824,87.21036832391053,22185,499362,0.0444266884544679,56748,22185,2.5579445571331982,0,0.0006820843636060916,0.09668293672174595,107.48632526397705,0.0,0
249,11,1753093226.611872,11,344,410,308,299,1310.3851648071345,0.0,22185,0.3604339136738478,1,1310.3851648071345,0.0,8.081221372988091,-26.57777191579201,25.211246568898375,-70.76639664829821,84.40494800275248,22185,499362,0.0444266884544679,57065,22185,2.5722334910975886,0,0.0006820843636060916,0.09736502108535204,108.2247416973114,0.0,0
250,11,1753093227.4083633,11,344,410,308,299,1310.3851648071345,0.0,22185,0.3604339136738478,1,1310.3851648071345,0.0,8.081221372988091,0.0,25.211246568898375,33.36719335402282,82.81287132079004,22185,499362,0.0444266884544679,57382,22185,2.586522425061979,0,0.0006820843636060916,0.09804710544895813,109.02123308181763,0.0,-0.5
251,11,1753093228.3415112,11,344,410,308,299,1310.3851648071345,0.0,22185,0.3604339136738478,1,1310.3851648071345,0.0,8.081221372988091,0.0,25.211246568898375,0.0,82.81287132079002,22185,499362,0.0444266884544679,57699,22185,2.6008113590263693,0,0.0007090182726559843,0.09875612372161412,109.9543809890747,0.0,0
252,11,1753093229.137012,11,344,410,308,299,1310.3851648071345,0.0,22185,0.3604339136738478,1,1310.3851648071345,0.0,8.081221372988091,0.0,25.211246568898375,0.0,82.81287132079002,22185,499362,0.0444266884544679,58016,22185,2.6151002929907596,0,0.0007090182726559843,0.0994651419942701,110.74988174438477,0.0,0
253,11,1753093229.914664,11,344,395,308,299,1325.3851648071345,15.0,22456,0.36484354035749617,1,1325.3851648071345,19.288974870350753,8.2741111216916,24.804303436601526,25.45928960326439,31.896639044344113,83.13183771123346,22456,499362,0.04496938093006676,58062,22456,2.585589597434984,0,0.0007090182726559843,0.10017416026692609,111.52753376960754,0.0,0
254,11,1753093230.6633673,11,344,395,308,299,1325.3851648071345,0.0,22456,0.36484354035749617,1,1325.3851648071345,0.0,8.274111121691599,-25.762054082666378,25.716910144091056,-67.53563867083493,83.80719409794183,22456,499362,0.04496938093006676,58379,22456,2.5997060919130743,0,0.0007090182726559843,0.10088317853958208,112.27623701095581,0.0,0
255,11,1753093231.4671247,11,344,395,308,299,1325.3851648071345,0.0,22456,0.36484354035749617,1,1325.3851648071345,0.0,7.961111613718426,0.0,25.063785530814734,32.053119493511865,82.76487407553921,22456,499362,0.04496938093006676,58696,22456,2.613822586391165,0,0.0007090182726559843,0.10159219681223806,113.07999444007874,0.0,0
256,11,1753093232.2160177,11,344,395,308,299,1325.3851648071345,0.0,22456,0.36484354035749617,1,1325.3851648071345,0.0,7.558537785071529,0.0,24.883484144704408,0.0,81.81314279137224,22456,499362,0.04496938093006676,59013,22456,2.6279390808692553,0,0.0007090182726559843,0.10230121508489405,113.82888746261597,0.0,0
257,11,1753093232.9652064,11,344,395,308,299,1325.3851648071345,0.0,22456,0.36484354035749617,1,1325.3851648071345,0.0,7.558537785071531,0.0,24.10861373064785,0.0,79.9746368686744,22456,499362,0.04496938093006676,59330,22456,2.642055575347346,0,0.0007090182726559843,0.10301023335755004,114.57807612419128,0.0,0
258,11,1753093233.804885,11,344,379,308,299,1341.3851648071345,16.0,22740,0.3696376576511629,1,1341.3851648071345,19.054651801647683,7.749084303088006,22.692484705127207,24.33553857769912,27.024837160650915,78.58003174950788,22740,499362,0.04553810662405229,59363,22740,2.610510114335972,0,0.0007090182726559843,0.10371925163020602,115.41775465011597,0.0,0
259,11,1753093234.567723,11,344,379,308,299,1341.3851648071345,0.0,22740,0.3696376576511629,1,1341.3851648071345,0.0,7.749084303088006,-24.978974190360425,24.585328319602723,-62.49309374754592,79.20496268698332,22740,499362,0.04553810662405229,59680,22740,2.6244503078276167,0,0.0007090182726559843,0.10442826990286201,116.18059277534485,0.0,0
260,11,1753093235.3250196,11,344,379,308,299,1341.3851648071345,0.0,22740,0.3696376576511629,1,1341.3851648071345,0.0,7.749084303088006,0.0,24.585328319602727,32.98550272006006,79.53481771418393,22740,499362,0.04553810662405229,59997,22740,2.638390501319261,0,0.0007090182726559843,0.105137288175518,116.93788933753967,0.0,-0.5
261,11,1753093236.3292713,11,344,379,308,299,1341.3851648071345,0.0,22740,0.3696376576511629,1,1341.3851648071345,0.0,7.749084303088007,0.0,24.585328319602727,0.0,79.53481771418393,22740,499362,0.04553810662405229,60314,22740,2.6523306948109058,0,0.0007199700908544896,0.10585725826637249,117.94214105606079,0.0,0
262,11,1753093237.0803988,11,344,379,308,299,1341.3851648071345,0.0,22740,0.3696376576511629,1,1341.3851648071345,0.0,7.749084303088006,0.0,24.585328319602723,0.0,79.53481771418393,22740,499362,0.04553810662405229,60631,22740,2.6662708883025505,0,0.0007199700908544896,0.10657722835722698,118.69326853752136,0.0,0
263,11,1753093237.92762,11,344,364,308,299,1356.3851648071345,15.0,23011,0.3741033558821056,1,1356.3851648071345,17.704756383775052,7.54766382052392,20.897226573921564,24.078110274605823,24.66535370585543,78.42619551246138,23011,499362,0.046080799099651154,60677,23011,2.6368693233670855,0,0.0007199700908544896,0.10729719844808147,119.5404896736145,0.0,0
264,11,1753093238.6948378,11,344,364,308,299,1356.3851648071345,0.0,23011,0.3741033558821056,1,1356.3851648071345,0.0,7.54766382052392,-23.07929459684365,23.542181810086557,-57.3262385228038,75.99529366946737,23011,499362,0.046080799099651154,60994,23011,2.6506453435313544,0,0.0007199700908544896,0.10801716853893596,120.30770754814148,0.0,0
265,11,1753093239.462143,11,344,364,308,299,1356.3851648071345,0.0,23011,0.3741033558821056,1,1356.3851648071345,0.0,7.288746470121087,0.0,23.095260514489063,30.075052077372312,74.2011564982724,23011,499362,0.046080799099651154,61311,23011,2.6644213636956238,0,0.0007199700908544896,0.10873713862979045,121.07501268386841,0.0,0
266,11,1753093240.2851372,11,344,364,308,299,1356.3851648071345,0.0,23011,0.3741033558821056,1,1356.3851648071345,0.0,7.288746470121086,0.0,22.57712315643031,0.0,72.26991110124044,23011,499362,0.046080799099651154,61628,23011,2.678197383859893,0,0.0007199700908544896,0.10945710872064494,121.89800691604614,0.0,0
267,11,1753093241.0523837,11,344,364,308,299,1356.3851648071345,0.0,23011,0.3741033558821056,1,1356.3851648071345,0.0,7.288746470121087,0.0,22.577123156430307,0.0,71.23015541441734,23011,499362,0.046080799099651154,61945,23011,2.6919734040241625,0,0.0007199700908544896,0.11017707881149943,122.66525340080261,0.0,0
268,11,1753093241.8599288,11,344,349,308,299,1371.3851648071345,15.0,23282,0.37855503622622466,1,1371.3851648071345,18.574713295235934,7.107918719149264,23.001331600014307,22.135250744810314,28.48287599192775,70.28350201127328,23282,499362,0.04662349157525002,61991,23282,2.6626148956275233,0,0.0007199700908544896,0.11089704890235393,123.47279858589172,0.0,0
269,11,1753093242.7101111,11,344,349,308,299,1371.3851648071345,0.0,23282,0.37855503622622466,1,1371.3851648071345,0.0,7.107918719149263,-21.84777735643256,21.707925513691873,-52.75200384202703,68.48962093937128,23282,499362,0.04662349157525002,62308,23282,2.676230564384503,0,0.0007199700908544896,0.11161701899320842,124.3229808807373,0.0,0
270,11,1753093243.5068936,11,344,349,308,299,1371.3851648071345,0.0,23282,0.37855503622622466,1,1371.3851648071345,0.0,7.107918719149263,0.0,21.707925513691873,27.42085506001911,67.49872126371294,23282,499362,0.04662349157525002,62625,23282,2.6898462331414827,0,0.0007199700908544896,0.11233698908406291,125.11976337432861,0.0,-0.5
271,11,1753093244.5608895,11,344,349,308,299,1371.3851648071345,0.0,23282,0.37855503622622466,1,1371.3851648071345,0.0,7.107918719149263,0.0,21.707925513691873,0.0,67.49872126371292,23282,499362,0.04662349157525002,62942,23282,2.7034619018984625,0,0.0007348730000971541,0.11307186208416006,126.17375922203064,0.0,0
272,11,1753093245.3655243,11,344,349,308,299,1371.3851648071345,0.0,23282,0.37855503622622466,1,1371.3851648071345,0.0,7.107918719149263,0.0,21.707925513691873,0.0,67.49872126371294,23282,499362,0.04662349157525002,63259,23282,2.7170775706554418,0,0.0007348730000971541,0.11380673508425722,126.97839403152466,0.0,0
273,11,1753093246.2577884,11,344,334,308,299,1386.3851648071345,15.0,23553,0.3830307472334699,1,1386.3851648071345,16.810945481013103,6.936050152006821,18.840525864372992,21.34592574656996,21.115136875972777,66.81879828993668,23553,499362,0.04716618405084888,63305,23553,2.687768012567401,0,0.0007348730000971541,0.11454160808435437,127.87065815925598,0.0,0
274,11,1753093247.054932,11,344,334,308,299,1386.3851648071345,0.0,23553,0.3830307472334699,1,1386.3851648071345,0.0,6.936050152006821,-21.089627163929457,20.91284820517599,-50.093080184969935,65.05738080641731,23553,499362,0.04716618405084888,63622,23553,2.7012270199125377,0,0.0007348730000971541,0.11527648108445153,128.66780185699463,0.0,0
275,11,1753093247.8466122,11,324,334,308,299,1406.3851648071345,20.0,23869,0.38495920794934335,1,1406.3851648071345,25.262082639690277,6.922294365007108,31.90864096472704,20.75889128039226,66.94233146132919,63.7431558220474,23869,499362,0.0477989915131708,63623,23869,2.6655075621098496,0,0.0007348730000971541,0.11601135408454868,129.45948195457458,0.0,0
276,11,1753093248.6805549,11,324,334,308,299,1406.3851648071345,0.0,23869,0.38495920794934335,1,1406.3851648071345,0.0,6.922294365007108,-30.293562445155185,20.563377667453047,-74.59109211617299,62.67119044625978,23869,499362,0.0477989915131708,63940,23869,2.6787883866102478,0,0.0007348730000971541,0.11674622708464584,130.29342460632324,0.0,0
277,11,1753093249.461126,11,324,334,308,299,1406.3851648071345,0.0,23869,0.38495920794934335,1,1406.3851648071345,0.0,6.922294365007108,0.0,20.563377667453047,38.80800913905329,62.20892327222158,23869,499362,0.0477989915131708,64257,23869,2.6920692111106455,0,0.0007348730000971541,0.117481100084743,131.07399582862854,0.0,0
278,11,1753093250.262195,11,324,319,308,299,1421.3851648071345,15.0,24140,0.38787693096390996,1,1421.3851648071345,18.725362798070634,6.7622566114661184,23.375947461291176,20.194080623669723,29.181539797421028,61.45355701314834,24140,499362,0.04834168398876967,64303,24140,2.6637531068765536,0,0.0007348730000971541,0.11821597308484015,131.87506484985352,0.0,0
279,11,1753093251.0992405,11,324,319,308,299,1421.3851648071345,0.0,24140,0.38787693096390996,1,1421.3851648071345,0.0,6.762256611466119,-22.37009616121731,19.786045801523418,-54.650123784848475,59.753925682538856,24140,499362,0.04834168398876967,64620,24140,2.6768848384424193,0,0.0007348730000971541,0.1189508460849373,132.7121102809906,0.0,0
280,11,1753093251.8848526,11,324,319,308,299,1421.3851648071345,0.0,24140,0.38787693096390996,1,1421.3851648071345,0.0,6.7622566114661184,0.0,19.786045801523418,28.47447527329104,58.987056824475424,24140,499362,0.04834168398876967,64937,24140,2.690016570008285,0,0.0007348730000971541,0.11968571908503446,133.49772238731384,0.0,-0.5
281,11,1753093252.9297318,11,324,319,308,299,1421.3851648071345,0.0,24140,0.38787693096390996,1,1421.3851648071345,0.0,6.7622566114661184,0.0,19.786045801523418,0.0,58.98705682447543,24140,499362,0.04834168398876967,65254,24140,2.7031483015741506,0,0.0007525016363532897,0.12043822072138775,134.54260158538818,0.0,0
282,11,1753093253.7175279,11,324,319,308,299,1421.3851648071345,0.0,24140,0.38787693096390996,1,1421.3851648071345,0.0,6.762256611466119,0.0,19.786045801523418,0.0,58.98705682447543,24140,499362,0.04834168398876967,65571,24140,2.7162800331400168,0,0.0007525016363532897,0.12119072235774105,135.330397605896,0.0,0
283,11,1753093254.499509,11,324,319,308,299,1421.3851648071345,0.0,24140,0.38787693096390996,1,1421.3851648071345,0.0,6.41759729327347,0.0,19.192095573438305,0.0,57.96350442121451,24140,499362,0.04834168398876967,65888,24140,2.7294117647058824,0,0.0007525016363532897,0.12194322399409434,136.1123788356781,0.0,0
284,11,1753093255.3464172,11,324,304,308,299,1436.3851648071345,15.0,24411,0.3914595023249667,1,1436.3851648071345,17.711410236740278,6.594711395640872,20.912936838273886,18.823520748274674,24.693173573180466,56.2465557770016,24411,499362,0.04888437646436854,65934,24411,2.700995452869608,0,0.0007525016363532897,0.12269572563044763,136.95928692817688,0.0,0
285,11,1753093256.128597,11,324,304,308,299,1436.3851648071345,0.0,24411,0.3914595023249667,1,1436.3851648071345,0.0,6.336826472596993,-22.643737777442016,18.60659390249344,-55.686470206065216,55.04796614461632,24411,499362,0.04888437646436854,66251,24411,2.7139814018270454,0,0.0007525016363532897,0.12344822726680092,137.74146676063538,0.0,0
286,11,1753093256.9090836,11,324,304,308,299,1436.3851648071345,0.0,24411,0.3914595023249667,1,1436.3851648071345,0.0,6.336826472596993,0.0,18.13881892957111,29.012733239656164,53.68538688241896,24411,499362,0.04888437646436854,66568,24411,2.7269673507844825,0,0.0007525016363532897,0.12420072890315421,138.5219533443451,0.0,0
287,11,1753093257.7455864,11,308,299,308,299,1453.1482194213747,16.76305461424021,24704,0.39208830467676753,1,1453.1482194213747,20.040059690553687,6.53722706950253,23.95768561535272,18.37839578572464,28.6411671874726,53.199661716170866,24704,499362,0.049471125155698674,66592,24704,2.6955958549222796,0,0.0007525016363532897,0.1249532305395075,139.35845613479614,0.0,0
288,11,1753093258.5183325,11,308,299,308,299,1453.1482194213747,0.0,24704,0.39208830467676753,1,1453.1482194213747,0.0,6.198927366078079,-25.933203438234965,18.06549437342163,-64.56221166601486,52.87735180631498,24704,499362,0.049471125155698674,66909,24704,2.708427784974093,0,0.0007525016363532897,0.12570573217586078,140.13120222091675,0.0,0
289,11,1753093259.3531885,11,308,299,308,299,1453.1482194213747,0.0,24704,0.39208830467676753,1,1453.1482194213747,0.0,6.198927366078079,0.0,17.46392504599829,31.06243684556749,51.10070344529306,24704,499362,0.049471125155698674,67226,24704,2.721259715025907,0,0.0007525016363532897,0.12645823381221408,140.96605825424194,0.0,0
290,11,1753093260.1292744,11,308,299,308,299,1453.1482194213747,0.0,24704,0.39208830467676753,1,1453.1482194213747,0.0,6.198927366078079,0.0,17.46392504599829,0.0,50.02958386245099,24704,499362,0.049471125155698674,67543,24704,2.7340916450777204,0,0.0007525016363532897,0.12721073544856737,141.7421441078186,1.0,19.5
